date,confirmed,deaths,recovered,new_cases,new_deaths,new_recovered,7day_avg_cases,7day_avg_deaths,7day_avg_recovered
2020-01-22,0,0,0,,,,,,
2020-01-23,0,0,0,0.0,0.0,0.0,,,
2020-01-24,0,0,0,0.0,0.0,0.0,,,
2020-01-25,0,0,0,0.0,0.0,0.0,,,
2020-01-26,0,0,0,0.0,0.0,0.0,,,
2020-01-27,0,0,0,0.0,0.0,0.0,,,
2020-01-28,0,0,0,0.0,0.0,0.0,,,
2020-01-29,0,0,0,0.0,0.0,0.0,0.0,0.0,0.0
2020-01-30,1,0,0,1.0,0.0,0.0,0.14285714285714285,0.0,0.0
2020-01-31,1,0,0,0.0,0.0,0.0,0.14285714285714285,0.0,0.0
2020-02-01,1,0,0,0.0,0.0,0.0,0.14285714285714285,0.0,0.0
2020-02-02,2,0,0,1.0,0.0,0.0,0.2857142857142857,0.0,0.0
2020-02-03,3,0,0,1.0,0.0,0.0,0.42857142857142855,0.0,0.0
2020-02-04,3,0,0,0.0,0.0,0.0,0.42857142857142855,0.0,0.0
2020-02-05,3,0,0,0.0,0.0,0.0,0.42857142857142855,0.0,0.0
2020-02-06,3,0,0,0.0,0.0,0.0,0.2857142857142857,0.0,0.0
2020-02-07,3,0,0,0.0,0.0,0.0,0.2857142857142857,0.0,0.0
2020-02-08,3,0,0,0.0,0.0,0.0,0.2857142857142857,0.0,0.0
2020-02-09,3,0,0,0.0,0.0,0.0,0.14285714285714285,0.0,0.0
2020-02-10,3,0,0,0.0,0.0,0.0,0.0,0.0,0.0
2020-02-11,3,0,0,0.0,0.0,0.0,0.0,0.0,0.0
2020-02-12,3,0,0,0.0,0.0,0.0,0.0,0.0,0.0
2020-02-13,3,0,0,0.0,0.0,0.0,0.0,0.0,0.0
2020-02-14,3,0,0,0.0,0.0,0.0,0.0,0.0,0.0
2020-02-15,3,0,0,0.0,0.0,0.0,0.0,0.0,0.0
2020-02-16,3,0,3,0.0,0.0,3.0,0.0,0.0,0.42857142857142855
2020-02-17,3,0,3,0.0,0.0,0.0,0.0,0.0,0.42857142857142855
2020-02-18,3,0,3,0.0,0.0,0.0,0.0,0.0,0.42857142857142855
2020-02-19,3,0,3,0.0,0.0,0.0,0.0,0.0,0.42857142857142855
2020-02-20,3,0,3,0.0,0.0,0.0,0.0,0.0,0.42857142857142855
2020-02-21,3,0,3,0.0,0.0,0.0,0.0,0.0,0.42857142857142855
2020-02-22,3,0,3,0.0,0.0,0.0,0.0,0.0,0.42857142857142855
2020-02-23,3,0,3,0.0,0.0,0.0,0.0,0.0,0.0
2020-02-24,3,0,3,0.0,0.0,0.0,0.0,0.0,0.0
2020-02-25,3,0,3,0.0,0.0,0.0,0.0,0.0,0.0
2020-02-26,3,0,3,0.0,0.0,0.0,0.0,0.0,0.0
2020-02-27,3,0,3,0.0,0.0,0.0,0.0,0.0,0.0
2020-02-28,3,0,3,0.0,0.0,0.0,0.0,0.0,0.0
2020-02-29,3,0,3,0.0,0.0,0.0,0.0,0.0,0.0
2020-03-01,3,0,3,0.0,0.0,0.0,0.0,0.0,0.0
2020-03-02,5,0,3,2.0,0.0,0.0,0.2857142857142857,0.0,0.0
2020-03-03,5,0,3,0.0,0.0,0.0,0.2857142857142857,0.0,0.0
2020-03-04,28,0,3,23.0,0.0,0.0,3.5714285714285716,0.0,0.0
2020-03-05,30,0,3,2.0,0.0,0.0,3.857142857142857,0.0,0.0
2020-03-06,31,0,3,1.0,0.0,0.0,4.0,0.0,0.0
2020-03-07,34,0,3,3.0,0.0,0.0,4.428571428571429,0.0,0.0
2020-03-08,39,0,3,5.0,0.0,0.0,5.142857142857143,0.0,0.0
2020-03-09,43,0,3,4.0,0.0,0.0,5.428571428571429,0.0,0.0
2020-03-10,56,0,4,13.0,0.0,1.0,7.285714285714286,0.0,0.14285714285714285
2020-03-11,62,1,4,6.0,1.0,0.0,4.857142857142857,0.14285714285714285,0.14285714285714285
2020-03-12,73,1,4,11.0,0.0,0.0,6.142857142857143,0.14285714285714285,0.14285714285714285
2020-03-13,82,2,4,9.0,1.0,0.0,7.285714285714286,0.2857142857142857,0.14285714285714285
2020-03-14,102,2,4,20.0,0.0,0.0,9.714285714285714,0.2857142857142857,0.14285714285714285
2020-03-15,113,2,13,11.0,0.0,9.0,10.571428571428571,0.2857142857142857,1.4285714285714286
2020-03-16,119,2,13,6.0,0.0,0.0,10.857142857142858,0.2857142857142857,1.4285714285714286
2020-03-17,142,3,14,23.0,1.0,1.0,12.285714285714286,0.42857142857142855,1.4285714285714286
2020-03-18,156,3,14,14.0,0.0,0.0,13.428571428571429,0.2857142857142857,1.4285714285714286
2020-03-19,194,4,15,38.0,1.0,1.0,17.285714285714285,0.42857142857142855,1.5714285714285714
2020-03-20,244,5,20,50.0,1.0,5.0,23.142857142857142,0.42857142857142855,2.2857142857142856
2020-03-21,330,4,23,86.0,-1.0,3.0,32.57142857142857,0.2857142857142857,2.7142857142857144
2020-03-22,396,7,27,66.0,3.0,4.0,40.42857142857143,0.7142857142857143,2.0
2020-03-23,499,10,27,103.0,3.0,0.0,54.285714285714285,1.1428571428571428,2.0
2020-03-24,536,10,40,37.0,0.0,13.0,56.285714285714285,1.0,3.7142857142857144
2020-03-25,657,12,43,121.0,2.0,3.0,71.57142857142857,1.2857142857142858,4.142857142857143
2020-03-26,727,20,45,70.0,8.0,2.0,76.14285714285714,2.2857142857142856,4.285714285714286
2020-03-27,887,20,73,160.0,0.0,28.0,91.85714285714286,2.142857142857143,7.571428571428571
2020-03-28,987,24,84,100.0,4.0,11.0,93.85714285714286,2.857142857142857,8.714285714285714
2020-03-29,1024,27,95,37.0,3.0,11.0,89.71428571428571,2.857142857142857,9.714285714285714
2020-03-30,1251,32,102,227.0,5.0,7.0,107.42857142857143,3.142857142857143,10.714285714285714
2020-03-31,1397,35,123,146.0,3.0,21.0,123.0,3.5714285714285716,11.857142857142858
2020-04-01,1998,58,148,601.0,23.0,25.0,191.57142857142858,6.571428571428571,15.0
2020-04-02,2543,72,191,545.0,14.0,43.0,259.42857142857144,7.428571428571429,20.857142857142858
2020-04-03,2567,72,192,24.0,0.0,1.0,240.0,7.428571428571429,17.0
2020-04-04,3082,86,229,515.0,14.0,37.0,299.2857142857143,8.857142857142858,20.714285714285715
2020-04-05,3588,99,229,506.0,13.0,0.0,366.2857142857143,10.285714285714286,19.142857142857142
2020-04-06,4778,136,375,1190.0,37.0,146.0,503.85714285714283,14.857142857142858,39.0
2020-04-07,5311,150,421,533.0,14.0,46.0,559.1428571428571,16.428571428571427,42.57142857142857
2020-04-08,5916,178,506,605.0,28.0,85.0,559.7142857142857,17.142857142857142,51.142857142857146
2020-04-09,6725,226,620,809.0,48.0,114.0,597.4285714285714,22.0,61.285714285714285
2020-04-10,7598,246,774,873.0,20.0,154.0,718.7142857142857,24.857142857142858,83.14285714285714
2020-04-11,8446,288,969,848.0,42.0,195.0,766.2857142857143,28.857142857142858,105.71428571428571
2020-04-12,9205,331,1080,759.0,43.0,111.0,802.4285714285714,33.142857142857146,121.57142857142857
2020-04-13,10453,358,1181,1248.0,27.0,101.0,810.7142857142857,31.714285714285715,115.14285714285714
2020-04-14,11487,393,1359,1034.0,35.0,178.0,882.2857142857143,34.714285714285715,134.0
2020-04-15,12322,405,1432,835.0,12.0,73.0,915.1428571428571,32.42857142857143,132.28571428571428
2020-04-16,13430,448,1768,1108.0,43.0,336.0,957.8571428571429,31.714285714285715,164.0
2020-04-17,14352,486,2041,922.0,38.0,273.0,964.8571428571429,34.285714285714285,181.0
2020-04-18,15722,521,2463,1370.0,35.0,422.0,1039.4285714285713,33.285714285714285,213.42857142857142
2020-04-19,17615,559,2854,1893.0,38.0,391.0,1201.4285714285713,32.57142857142857,253.42857142857142
2020-04-20,18539,592,3273,924.0,33.0,419.0,1155.142857142857,33.42857142857143,298.85714285714283
2020-04-21,20080,645,3975,1541.0,53.0,702.0,1227.5714285714287,36.0,373.7142857142857
2020-04-22,21370,681,4370,1290.0,36.0,395.0,1292.5714285714287,39.42857142857143,419.7142857142857
2020-04-23,23077,721,5012,1707.0,40.0,642.0,1378.142857142857,39.0,463.42857142857144
2020-04-24,24530,780,5498,1453.0,59.0,486.0,1454.0,42.0,493.85714285714283
2020-04-25,26283,825,5939,1753.0,45.0,441.0,1508.7142857142858,43.42857142857143,496.57142857142856
2020-04-26,27890,881,6523,1607.0,56.0,584.0,1467.857142857143,46.0,524.1428571428571
2020-04-27,29451,939,7137,1561.0,58.0,614.0,1558.857142857143,49.57142857142857,552.0
2020-04-28,31324,1008,7747,1873.0,69.0,610.0,1606.2857142857142,51.857142857142854,538.8571428571429
2020-04-29,33062,1079,8437,1738.0,71.0,690.0,1670.2857142857142,56.857142857142854,581.0
2020-04-30,34863,1154,9068,1801.0,75.0,631.0,1683.7142857142858,61.857142857142854,579.4285714285714
2020-05-01,37257,1223,10007,2394.0,69.0,939.0,1818.142857142857,63.285714285714285,644.1428571428571
2020-05-02,39699,1323,10819,2442.0,100.0,812.0,1916.5714285714287,71.14285714285714,697.1428571428571
2020-05-03,42505,1391,11775,2806.0,68.0,956.0,2087.8571428571427,72.85714285714286,750.2857142857143
2020-05-04,46437,1566,12847,3932.0,175.0,1072.0,2426.5714285714284,89.57142857142857,815.7142857142857
2020-05-05,49400,1693,14142,2963.0,127.0,1295.0,2582.285714285714,97.85714285714286,913.5714285714286
2020-05-06,52987,1785,15331,3587.0,92.0,1189.0,2846.4285714285716,100.85714285714286,984.8571428571429
2020-05-07,56351,1889,16776,3364.0,104.0,1445.0,3069.714285714286,105.0,1101.142857142857
2020-05-08,59695,1985,17887,3344.0,96.0,1111.0,3205.4285714285716,108.85714285714286,1125.7142857142858
2020-05-09,62808,2101,19301,3113.0,116.0,1414.0,3301.285714285714,111.14285714285714,1211.7142857142858
2020-05-10,67161,2212,20969,4353.0,111.0,1668.0,3522.285714285714,117.28571428571429,1313.4285714285713
2020-05-11,70768,2294,22549,3607.0,82.0,1580.0,3475.8571428571427,104.0,1386.0
2020-05-12,74292,2415,24420,3524.0,121.0,1871.0,3556.0,103.14285714285714,1468.2857142857142
2020-05-13,78055,2551,26400,3763.0,136.0,1980.0,3581.1428571428573,109.42857142857143,1581.2857142857142
2020-05-14,81997,2649,27969,3942.0,98.0,1569.0,3663.714285714286,108.57142857142857,1599.0
2020-05-15,85784,2753,30258,3787.0,104.0,2289.0,3727.0,109.71428571428571,1767.2857142857142
2020-05-16,90648,2871,34224,4864.0,118.0,3966.0,3977.1428571428573,110.0,2131.8571428571427
2020-05-17,95698,3025,36795,5050.0,154.0,2571.0,4076.714285714286,116.14285714285714,2260.8571428571427
2020-05-18,100328,3156,39233,4630.0,131.0,2438.0,4222.857142857143,123.14285714285714,2383.4285714285716
2020-05-19,106475,3302,42309,6147.0,146.0,3076.0,4597.571428571428,126.71428571428571,2555.5714285714284
2020-05-20,112028,3434,45422,5553.0,132.0,3113.0,4853.285714285715,126.14285714285714,2717.4285714285716
2020-05-21,118226,3584,48553,6198.0,150.0,3131.0,5175.571428571428,133.57142857142858,2940.5714285714284
2020-05-22,124794,3726,51824,6568.0,142.0,3271.0,5572.857142857143,139.0,3080.8571428571427
2020-05-23,131423,3868,54385,6629.0,142.0,2561.0,5825.0,142.42857142857142,2880.1428571428573
2020-05-24,138536,4024,57692,7113.0,156.0,3307.0,6119.714285714285,142.71428571428572,2985.285714285714
2020-05-25,144950,4172,60706,6414.0,148.0,3014.0,6374.571428571428,145.14285714285714,3067.5714285714284
2020-05-26,150793,4344,64277,5843.0,172.0,3571.0,6331.142857142857,148.85714285714286,3138.285714285714
2020-05-27,158086,4534,67749,7293.0,190.0,3472.0,6579.714285714285,157.14285714285714,3189.5714285714284
2020-05-28,165386,4711,70920,7300.0,177.0,3171.0,6737.142857142857,161.0,3195.285714285714
2020-05-29,173491,4980,82627,8105.0,269.0,11707.0,6956.714285714285,179.14285714285714,4400.428571428572
2020-05-30,181827,5185,86936,8336.0,205.0,4309.0,7200.571428571428,188.14285714285714,4650.142857142857
2020-05-31,190609,5408,91852,8782.0,223.0,4916.0,7439.0,197.71428571428572,4880.0
2020-06-01,198370,5608,95754,7761.0,200.0,3902.0,7631.428571428572,205.14285714285714,5006.857142857143
2020-06-02,207191,5829,100285,8821.0,221.0,4531.0,8056.857142857143,212.14285714285714,5144.0
2020-06-03,216824,6088,104071,9633.0,259.0,3786.0,8391.142857142857,222.0,5188.857142857143
2020-06-04,226713,6363,108450,9889.0,275.0,4379.0,8761.0,236.0,5361.428571428572
2020-06-05,236184,6649,113233,9471.0,286.0,4783.0,8956.142857142857,238.42857142857142,4372.285714285715
2020-06-06,246622,6946,118695,10438.0,297.0,5462.0,9256.42857142857,251.57142857142858,4537.0
2020-06-07,257486,7207,123848,10864.0,261.0,5153.0,9553.857142857143,257.0,4570.857142857143
2020-06-08,265928,7473,129095,8442.0,266.0,5247.0,9651.142857142857,266.42857142857144,4763.0
2020-06-09,276146,7750,134670,10218.0,277.0,5575.0,9850.714285714286,274.42857142857144,4912.142857142857
2020-06-10,286605,8102,135206,10459.0,352.0,536.0,9968.714285714286,287.7142857142857,4447.857142857143
2020-06-11,297535,8498,147195,10930.0,396.0,11989.0,10117.42857142857,305.0,5535.0
2020-06-12,308993,8884,154330,11458.0,386.0,7135.0,10401.285714285714,319.2857142857143,5871.0
2020-06-13,320922,9195,162379,11929.0,311.0,8049.0,10614.285714285714,321.2857142857143,6240.571428571428
2020-06-14,332424,9520,169798,11502.0,325.0,7419.0,10705.42857142857,330.42857142857144,6564.285714285715
2020-06-15,343091,9900,180013,10667.0,380.0,10215.0,11023.285714285714,346.7142857142857,7274.0
2020-06-16,354065,11903,186935,10974.0,2003.0,6922.0,11131.285714285714,593.2857142857143,7466.428571428572
2020-06-17,366946,12237,194325,12881.0,334.0,7390.0,11477.285714285714,590.7142857142857,8445.57142857143
2020-06-18,380532,12573,204711,13586.0,336.0,10386.0,11856.714285714286,582.1428571428571,8216.57142857143
2020-06-19,395048,12948,213831,14516.0,375.0,9120.0,12293.57142857143,580.5714285714286,8500.142857142857
2020-06-20,410451,13254,227728,15403.0,306.0,13897.0,12789.857142857143,579.8571428571429,9335.57142857143
2020-06-21,425282,13699,237196,14831.0,445.0,9468.0,13265.42857142857,597.0,9628.285714285714
2020-06-22,440215,14011,248190,14933.0,312.0,10994.0,13874.857142857143,587.2857142857143,9739.57142857143
2020-06-23,456183,14476,258685,15968.0,465.0,10495.0,14588.285714285714,367.57142857142856,10250.0
2020-06-24,473105,14894,271697,16922.0,418.0,13012.0,15165.57142857143,379.57142857142856,11053.142857142857
2020-06-25,490401,15301,285637,17296.0,407.0,13940.0,15695.57142857143,389.7142857142857,11560.857142857143
2020-06-26,508953,15685,295881,18552.0,384.0,10244.0,16272.142857142857,391.0,11721.42857142857
2020-06-27,528859,16095,309713,19906.0,410.0,13832.0,16915.428571428572,405.85714285714283,11712.142857142857
2020-06-28,548318,16475,321723,19459.0,380.0,12010.0,17576.571428571428,396.57142857142856,12075.285714285714
2020-06-29,566840,16893,334822,18522.0,418.0,13099.0,18089.285714285714,411.7142857142857,12376.0
2020-06-30,585481,17400,347912,18641.0,507.0,13090.0,18471.14285714286,417.7142857142857,12746.714285714286
2020-07-01,604641,17834,359860,19160.0,434.0,11948.0,18790.85714285714,420.0,12594.714285714286
2020-07-02,625544,18213,379892,20903.0,379.0,20032.0,19306.14285714286,416.0,13465.0
2020-07-03,648315,18655,394227,22771.0,442.0,14335.0,19908.85714285714,424.2857142857143,14049.42857142857
2020-07-04,673165,19268,409083,24850.0,613.0,14856.0,20615.14285714286,453.2857142857143,14195.714285714286
2020-07-05,697413,19693,424433,24248.0,425.0,15350.0,21299.285714285714,459.7142857142857,14672.857142857143
2020-07-06,719664,20159,439934,22251.0,466.0,15501.0,21832.0,466.57142857142856,15016.0
2020-07-07,742417,20642,456831,22753.0,483.0,16897.0,22419.428571428572,463.14285714285717,15559.857142857143
2020-07-08,767296,21129,476378,24879.0,487.0,19547.0,23236.428571428572,470.7142857142857,16645.428571428572
2020-07-09,793802,21604,495513,26506.0,475.0,19135.0,24036.85714285714,484.42857142857144,16517.285714285714
2020-07-10,820916,22123,515386,27114.0,519.0,19873.0,24657.285714285714,495.42857142857144,17308.428571428572
2020-07-11,849522,22673,534618,28606.0,550.0,19232.0,25193.85714285714,486.42857142857144,17933.571428571428
2020-07-12,878254,23174,553471,28732.0,501.0,18853.0,25834.428571428572,497.2857142857143,18434.0
2020-07-13,906752,23727,571460,28498.0,553.0,17989.0,26726.85714285714,509.7142857142857,18789.428571428572
2020-07-14,936181,24309,592032,29429.0,582.0,20572.0,27680.571428571428,523.8571428571429,19314.428571428572
2020-07-15,968857,24914,612768,32676.0,605.0,20736.0,28794.428571428572,540.7142857142857,19484.285714285714
2020-07-16,1003832,25602,635757,34975.0,688.0,22989.0,30004.285714285714,571.1428571428571,20034.85714285714
2020-07-17,1039084,26273,653751,35252.0,671.0,17994.0,31166.85714285714,592.8571428571429,19766.428571428572
2020-07-18,1077781,26816,677423,38697.0,543.0,23672.0,32608.428571428572,591.8571428571429,20400.714285714286
2020-07-19,1118206,27497,700087,40425.0,681.0,22664.0,34278.857142857145,617.5714285714286,20945.14285714286
2020-07-20,1155338,28082,724578,37132.0,585.0,24491.0,35512.28571428572,622.1428571428571,21874.0
2020-07-21,1193078,28732,753050,37740.0,650.0,28472.0,36699.57142857143,631.8571428571429,23002.571428571428
2020-07-22,1238798,29861,782607,45720.0,1129.0,29557.0,38563.0,706.7142857142857,24262.714285714286
2020-07-23,1288108,30601,817209,49310.0,740.0,34602.0,40610.857142857145,714.1428571428571,25921.714285714286
2020-07-24,1337024,31358,849432,48916.0,757.0,32223.0,42562.857142857145,726.4285714285714,27954.428571428572
2020-07-25,1385635,32060,885573,48611.0,702.0,36141.0,43979.142857142855,749.1428571428571,29735.714285714286
2020-07-26,1435616,32771,917568,49981.0,711.0,31995.0,45344.28571428572,753.4285714285714,31068.714285714286
2020-07-27,1480073,33408,951166,44457.0,637.0,33598.0,46390.71428571428,760.8571428571429,32369.714285714286
2020-07-28,1531669,34193,988029,51596.0,785.0,36863.0,48370.142857142855,780.1428571428571,33568.42857142857
2020-07-29,1581963,34955,1019735,50294.0,762.0,31706.0,49023.57142857143,727.7142857142857,33875.42857142857
2020-07-30,1634746,35718,1055348,52783.0,763.0,35613.0,49519.71428571428,731.0,34019.857142857145
2020-07-31,1695988,36511,1094374,61242.0,793.0,39026.0,51280.57142857143,736.1428571428571,34991.71428571428
2020-08-01,1750723,37364,1145629,54735.0,853.0,51255.0,52155.42857142857,757.7142857142857,37150.857142857145
2020-08-02,1803695,38135,1186203,52972.0,771.0,40574.0,52582.71428571428,766.2857142857143,38376.42857142857
2020-08-03,1855745,38938,1230509,52050.0,803.0,44306.0,53667.42857142857,790.0,39906.142857142855
2020-08-04,1908254,39795,1282215,52509.0,857.0,51706.0,53797.857142857145,800.2857142857143,42026.57142857143
2020-08-05,1964536,40699,1328336,56282.0,904.0,46121.0,54653.28571428572,820.5714285714286,44085.857142857145
2020-08-06,2027074,41585,1378105,62538.0,886.0,49769.0,56046.857142857145,838.1428571428571,46108.142857142855
2020-08-07,2088611,42518,1427005,61537.0,933.0,48900.0,56089.0,858.1428571428571,47518.71428571428
2020-08-08,2153010,43379,1480884,64399.0,861.0,53879.0,57469.57142857143,859.2857142857143,47893.57142857143
2020-08-09,2215074,44386,1535743,62064.0,1007.0,54859.0,58768.42857142857,893.0,49934.28571428572
2020-08-10,2268675,45257,1583489,53601.0,871.0,47746.0,58990.0,902.7142857142857,50425.71428571428
2020-08-11,2329638,46091,1639599,60963.0,834.0,56110.0,60197.71428571428,899.4285714285714,51054.857142857145
2020-08-12,2396637,47033,1695982,66999.0,942.0,56383.0,61728.71428571428,904.8571428571429,52520.857142857145
2020-08-13,2461190,48040,1751555,64553.0,1007.0,55573.0,62016.57142857143,922.1428571428571,53350.0
2020-08-14,2525922,49036,1808936,64732.0,996.0,57381.0,62473.0,931.1428571428571,54561.57142857143
2020-08-15,2589952,49980,1862258,64030.0,944.0,53322.0,62420.28571428572,943.0,54482.0
2020-08-16,2647663,50921,1919842,57711.0,941.0,57584.0,61798.42857142857,933.5714285714286,54871.28571428572
2020-08-17,2702681,51797,1977671,55018.0,876.0,57829.0,62000.857142857145,934.2857142857143,56311.71428571428
2020-08-18,2767253,52888,2037816,64572.0,1091.0,60145.0,62516.42857142857,971.0,56888.142857142855
2020-08-19,2836925,53866,2096664,69672.0,978.0,58848.0,62898.28571428572,976.1428571428571,57240.28571428572
2020-08-20,2905825,54849,2158946,68900.0,983.0,62282.0,63519.28571428572,972.7142857142857,58198.71428571428
2020-08-21,2975701,55794,2222577,69876.0,945.0,63631.0,64254.142857142855,965.4285714285714,59091.57142857143
2020-08-22,3044940,56706,2280566,69239.0,912.0,57989.0,64998.28571428572,960.8571428571429,59758.28571428572
2020-08-23,3106348,57542,2338035,61408.0,836.0,57469.0,65526.42857142857,945.8571428571429,59741.857142857145
2020-08-24,3167323,58390,2404585,60975.0,848.0,66550.0,66377.42857142857,941.8571428571429,60987.71428571428
2020-08-25,3224547,59357,2458339,57224.0,967.0,53754.0,65327.71428571428,924.1428571428571,60074.71428571428
2020-08-26,3310234,60472,2523771,85687.0,1115.0,65432.0,67615.57142857143,943.7142857142857,61015.28571428572
2020-08-27,3387500,61529,2583948,77266.0,1057.0,60177.0,68810.71428571429,954.2857142857143,60714.57142857143
2020-08-28,3463972,62550,2648998,76472.0,1021.0,65050.0,69753.0,965.1428571428571,60917.28571428572
2020-08-29,3542733,63498,2713933,78761.0,948.0,64935.0,71113.28571428571,970.2857142857143,61909.57142857143
2020-08-30,3621245,64469,2774801,78512.0,971.0,60868.0,73556.71428571429,989.5714285714286,62395.142857142855
2020-08-31,3691166,65288,2839882,69921.0,819.0,65081.0,74834.71428571429,985.4285714285714,62185.28571428572
2020-09-01,3769523,66333,2901908,78357.0,1045.0,62026.0,77853.71428571429,996.5714285714286,63367.0
2020-09-02,3853406,67376,2970492,83883.0,1043.0,68584.0,77596.0,986.2857142857143,63817.28571428572
2020-09-03,3936747,68472,3037151,83341.0,1096.0,66659.0,78463.85714285714,991.8571428571429,64743.28571428572
2020-09-04,4023179,69561,3107223,86432.0,1089.0,70072.0,79886.71428571429,1001.5714285714286,65460.71428571428
2020-09-05,4113811,70626,3180865,90632.0,1065.0,73642.0,81582.57142857143,1018.2857142857143,66704.57142857143
2020-09-06,4204613,71642,3250429,90802.0,1016.0,69564.0,83338.28571428571,1024.7142857142858,67946.85714285714
2020-09-07,4280422,72775,3323950,75809.0,1133.0,73521.0,84179.42857142857,1069.5714285714287,69152.57142857143
2020-09-08,4370128,73890,3398844,89706.0,1115.0,74894.0,85800.71428571429,1079.5714285714287,70990.85714285714
2020-09-09,4465863,75062,3471783,95735.0,1172.0,72939.0,87493.85714285714,1098.0,71613.0
2020-09-10,4562414,76271,3542663,96551.0,1209.0,70880.0,89381.0,1114.142857142857,72216.0
2020-09-11,4659984,77472,3624196,97570.0,1201.0,81533.0,90972.14285714286,1130.142857142857,73853.28571428571
2020-09-12,4754356,78586,3702595,94372.0,1114.0,78399.0,91506.42857142857,1137.142857142857,74532.85714285714
2020-09-13,4846427,79722,3780107,92071.0,1136.0,77512.0,91687.71428571429,1154.2857142857142,75668.28571428571
2020-09-14,4930236,80776,3859399,83809.0,1054.0,79292.0,92830.57142857143,1143.0,76492.71428571429
2020-09-15,5020359,82066,3942360,90123.0,1290.0,82961.0,92890.14285714286,1168.0,77645.14285714286
2020-09-16,5118253,83198,4025079,97894.0,1132.0,82719.0,93198.57142857143,1162.2857142857142,79042.28571428571
2020-09-17,5214677,84372,4112551,96424.0,1174.0,87472.0,93180.42857142857,1157.2857142857142,81412.57142857143
2020-09-18,5308014,85619,4208431,93337.0,1247.0,95880.0,92575.71428571429,1163.857142857143,83462.14285714286
2020-09-19,5400619,86752,4303043,92605.0,1133.0,94612.0,92323.28571428571,1166.5714285714287,85778.28571428571
2020-09-20,5487580,87882,4396399,86961.0,1130.0,93356.0,91593.28571428571,1165.7142857142858,88041.71428571429
2020-09-21,5562663,88935,4497867,75083.0,1053.0,101468.0,90346.71428571429,1165.5714285714287,91209.71428571429
2020-09-22,5646010,90020,4587613,83347.0,1085.0,89746.0,89378.71428571429,1136.2857142857142,92179.0
2020-09-23,5732518,91149,4674987,86508.0,1129.0,87374.0,87752.14285714286,1135.857142857143,92844.0
2020-09-24,5818570,92290,4756164,86052.0,1141.0,81177.0,86270.42857142857,1131.142857142857,91944.71428571429
2020-09-25,5903932,93379,4849584,85362.0,1089.0,93420.0,85131.14285714286,1108.5714285714287,91593.28571428571
2020-09-26,5992532,94503,4941627,88600.0,1124.0,92043.0,84559.0,1107.2857142857142,91226.28571428571
2020-09-27,6074702,95542,5016520,82170.0,1039.0,74893.0,83874.57142857143,1094.2857142857142,88588.71428571429
2020-09-28,6145291,96318,5101397,70589.0,776.0,84877.0,83232.57142857143,1054.7142857142858,86218.57142857143
2020-09-29,6225763,97497,5187825,80472.0,1179.0,86428.0,82821.85714285714,1068.142857142857,85744.57142857143
2020-09-30,6312584,98678,5273201,86821.0,1181.0,85376.0,82866.57142857143,1075.5714285714287,85459.14285714286
2020-10-01,6394068,99773,5352078,81484.0,1095.0,78877.0,82214.0,1069.0,85130.57142857143
2020-10-02,6473544,100842,5427706,79476.0,1069.0,75628.0,81373.14285714286,1066.142857142857,82588.85714285714
2020-10-03,6549373,101782,5509966,75829.0,940.0,82260.0,79548.71428571429,1039.857142857143,81191.28571428571
2020-10-04,6623815,102685,5586703,74442.0,903.0,76737.0,78444.71428571429,1020.4285714285714,81454.71428571429
2020-10-05,6685082,103569,5662490,61267.0,884.0,75787.0,77113.0,1035.857142857143,80156.14285714286
2020-10-06,6757131,104555,5744693,72049.0,986.0,82203.0,75909.71428571429,1008.2857142857143,79552.57142857143
2020-10-07,6835655,105526,5827704,78524.0,971.0,83011.0,74724.42857142857,978.2857142857143,79214.71428571429
2020-10-08,6906151,106490,5906069,70496.0,964.0,78365.0,73154.71428571429,959.5714285714286,79141.57142857143
2020-10-09,6979423,107416,5988822,73272.0,926.0,82753.0,72268.42857142857,939.1428571428571,80159.42857142857
2020-10-10,7053806,108334,6077976,74383.0,918.0,89154.0,72061.85714285714,936.0,81144.28571428571
2020-10-11,7120538,109150,6149535,66732.0,816.0,71559.0,70960.42857142857,923.5714285714286,80404.57142857143
2020-10-12,7175880,109856,6227295,55342.0,706.0,77760.0,70114.0,898.1428571428571,80686.42857142857
2020-10-13,7239389,110586,6301927,63509.0,730.0,74632.0,68894.0,861.5714285714286,79604.85714285714
2020-10-14,7307097,111266,6383441,67708.0,680.0,81514.0,67348.85714285714,820.0,79391.0
2020-10-15,7370468,112161,6453779,63371.0,895.0,70338.0,66331.0,810.1428571428571,78244.28571428571
2020-10-16,7432680,112998,6524595,62212.0,837.0,70816.0,64751.0,797.4285714285714,76539.0
2020-10-17,7494551,114031,6597209,61871.0,1033.0,72614.0,62963.57142857143,813.8571428571429,74176.14285714286
2020-10-18,7550273,114610,6663608,55722.0,579.0,66399.0,61390.71428571428,780.0,73439.0
2020-10-19,7597063,115197,6733328,46790.0,587.0,69720.0,60169.0,763.0,72290.42857142857
2020-10-20,7651107,115914,6795103,54044.0,717.0,61775.0,58816.857142857145,761.1428571428571,70453.71428571429
2020-10-21,7706946,116616,6874518,55839.0,702.0,79415.0,57121.28571428572,764.2857142857143,70153.85714285714
2020-10-22,7761312,117306,6948497,54366.0,690.0,73979.0,55834.857142857145,735.0,70674.0
2020-10-23,7814682,117956,7016046,53370.0,650.0,67549.0,54571.71428571428,708.2857142857143,70207.28571428571
2020-10-24,7864811,118534,7078123,50129.0,578.0,62077.0,52894.28571428572,643.2857142857143,68702.0
2020-10-25,7909959,119014,7137228,45148.0,480.0,59105.0,51383.71428571428,629.1428571428571,67660.0
2020-10-26,7946429,119502,7201070,36470.0,488.0,63842.0,49909.42857142857,615.0,66820.28571428571
2020-10-27,7990322,120010,7259509,43893.0,508.0,58439.0,48459.28571428572,585.1428571428571,66343.71428571429
2020-10-28,8040203,120527,7315989,49881.0,517.0,56480.0,47608.142857142855,558.7142857142857,63067.28571428572
2020-10-29,8088851,121090,7373375,48648.0,563.0,57386.0,46791.28571428572,540.5714285714286,60696.857142857145
2020-10-30,8137119,121641,7432829,48268.0,551.0,59454.0,46062.42857142857,526.4285714285714,59540.42857142857
2020-10-31,8184082,122111,7491513,46963.0,470.0,58684.0,45610.142857142855,511.0,59055.71428571428
2020-11-01,8229313,122607,7544798,45231.0,496.0,53285.0,45622.0,513.2857142857143,58224.28571428572
2020-11-02,8267623,123097,7603121,38310.0,490.0,58323.0,45884.857142857145,513.5714285714286,57435.857142857145
2020-11-03,8313876,123611,7656478,46253.0,514.0,53357.0,46222.0,514.4285714285714,56709.857142857145
2020-11-04,8364086,124315,7711809,50210.0,704.0,55331.0,46269.0,541.1428571428571,56545.71428571428
2020-11-05,8411724,124985,7765966,47638.0,670.0,54157.0,46124.71428571428,556.4285714285714,56084.42857142857
2020-11-06,8462080,125562,7819886,50356.0,577.0,53920.0,46423.0,560.1428571428571,55293.857142857145
2020-11-07,8507754,126121,7868968,45674.0,559.0,49082.0,46238.857142857145,572.8571428571429,53922.142857142855
2020-11-08,8553657,126611,7917373,45903.0,490.0,48405.0,46334.857142857145,572.0,53225.0
2020-11-09,8591730,127059,7959406,38073.0,448.0,42033.0,46301.0,566.0,50897.857142857145
2020-11-10,8636011,127571,8013783,44281.0,512.0,54377.0,46019.28571428572,565.7142857142857,51043.57142857143
2020-11-11,8683916,128121,8066501,47905.0,550.0,52718.0,45690.0,543.7142857142857,50670.28571428572
2020-11-12,8728795,128668,8115580,44879.0,547.0,49079.0,45295.857142857145,526.1428571428571,49944.857142857145
2020-11-13,8773479,129188,8163572,44684.0,520.0,47992.0,44485.57142857143,518.0,49098.0
2020-11-14,8814579,129635,8205728,41100.0,447.0,42156.0,43832.142857142855,502.0,48108.57142857143
2020-11-15,8845127,130070,8249579,30548.0,435.0,43851.0,41638.57142857143,494.14285714285717,47458.0
2020-11-16,8874290,130519,8290370,29163.0,449.0,40791.0,40365.71428571428,494.2857142857143,47280.57142857143
2020-11-17,8912907,130993,8335109,38617.0,474.0,44739.0,39556.57142857143,488.85714285714283,45903.71428571428
2020-11-18,8958483,131578,8383602,45576.0,585.0,48493.0,39223.857142857145,493.85714285714283,45300.142857142855
2020-11-19,9004365,132162,8428409,45882.0,584.0,44807.0,39367.142857142855,499.14285714285717,44689.857142857145
2020-11-20,9050597,132726,8478124,46232.0,564.0,49715.0,39588.28571428572,505.42857142857144,44936.0
2020-11-21,9095806,133227,8521617,45209.0,501.0,43493.0,40175.28571428572,513.1428571428571,45127.0
2020-11-22,9139865,133738,8562641,44059.0,511.0,41024.0,42105.42857142857,524.0,44723.142857142855
2020-11-23,9177840,134218,8604955,37975.0,480.0,42314.0,43364.28571428572,528.4285714285714,44940.71428571428
2020-11-24,9222216,134699,8642771,44376.0,481.0,37816.0,44187.0,529.4285714285714,43951.71428571428
2020-11-25,9266705,135223,8679138,44489.0,524.0,36367.0,44031.71428571428,520.7142857142857,42219.42857142857
2020-11-26,9309787,135715,8718517,43082.0,492.0,39379.0,43631.71428571428,507.57142857142856,41444.0
2020-11-27,9351109,136200,8759969,41322.0,485.0,41452.0,42930.28571428572,496.2857142857143,40263.57142857143
2020-11-28,9392919,136696,8802267,41810.0,496.0,42298.0,42444.71428571428,495.57142857142856,40092.857142857145
2020-11-29,9431691,137139,8847600,38772.0,443.0,45333.0,41689.42857142857,485.85714285714283,40708.42857142857
2020-11-30,9462809,137621,8889585,31118.0,482.0,41985.0,40709.857142857145,486.14285714285717,40661.42857142857
2020-12-01,9499413,138122,8932647,36604.0,501.0,43062.0,39599.57142857143,489.0,41410.857142857145
2020-12-02,9534964,138648,8973373,35551.0,526.0,40726.0,38322.71428571428,489.2857142857143,42033.57142857143
2020-12-03,9571559,139188,9016289,36595.0,540.0,42916.0,37396.0,496.14285714285717,42538.857142857145
2020-12-04,9608211,139700,9058822,36652.0,512.0,42533.0,36728.857142857145,500.0,42693.28571428572
2020-12-05,9644222,140182,9100792,36011.0,482.0,41970.0,35900.42857142857,498.0,42646.42857142857
2020-12-06,9677203,140573,9139901,32981.0,391.0,39109.0,35073.142857142855,490.57142857142856,41757.28571428572
2020-12-07,9703770,140958,9178946,26567.0,385.0,39045.0,34423.0,476.7142857142857,41337.28571428572
2020-12-08,9735850,141360,9215581,32080.0,402.0,36635.0,33776.71428571428,462.57142857142856,40419.142857142855
2020-12-09,9767371,141772,9253306,31521.0,412.0,37725.0,33201.0,446.2857142857143,39990.42857142857
2020-12-10,9796744,142185,9290809,29373.0,413.0,37503.0,32169.285714285714,428.14285714285717,39217.142857142855
2020-12-11,9826775,142628,9324328,30031.0,443.0,33519.0,31223.428571428572,418.2857142857143,37929.42857142857
2020-12-12,9857029,143019,9357464,30254.0,391.0,33136.0,30401.0,405.2857142857143,36667.42857142857
2020-12-13,9884100,143355,9388159,27071.0,336.0,30695.0,29556.714285714286,397.42857142857144,35465.42857142857
2020-12-14,9906165,143709,9422636,22065.0,354.0,34477.0,28913.571428571428,393.0,34812.857142857145
2020-12-15,9932547,144096,9456449,26382.0,387.0,33813.0,28099.571428571428,390.85714285714283,34409.71428571428
2020-12-16,9956557,144451,9489740,24010.0,355.0,33291.0,27026.571428571428,382.7142857142857,33776.28571428572
2020-12-17,9979447,144789,9520827,22890.0,338.0,31087.0,26100.428571428572,372.0,32859.71428571428
2020-12-18,10004599,145136,9550712,25152.0,347.0,29885.0,25403.428571428572,358.2857142857143,32340.571428571428
2020-12-19,10031223,145477,9580402,26624.0,341.0,29690.0,24884.85714285714,351.14285714285717,31848.285714285714
2020-12-20,10055560,145810,9606111,24337.0,333.0,25709.0,24494.285714285714,350.7142857142857,31136.0
2020-12-21,10075116,146111,9636487,19556.0,301.0,30376.0,24135.85714285714,343.14285714285717,30550.14285714286
2020-12-22,10099066,146444,9663382,23950.0,333.0,26895.0,23788.428571428572,335.42857142857144,29561.85714285714
2020-12-23,10123778,146756,9693173,24712.0,312.0,29791.0,23888.714285714286,329.2857142857143,29061.85714285714
2020-12-24,10146845,147092,9717834,23067.0,336.0,24661.0,23914.0,329.0,28143.85714285714
2020-12-25,10169118,147343,9740108,22273.0,251.0,22274.0,23502.714285714286,315.2857142857143,27056.571428571428
2020-12-26,10187850,147622,9761538,18732.0,279.0,21430.0,22375.285714285714,306.42857142857144,25876.571428571428
2020-12-27,10207871,147901,9782669,20021.0,279.0,21131.0,21758.714285714286,298.7142857142857,25222.571428571428
2020-12-28,10224303,148153,9807569,16432.0,252.0,24900.0,21312.428571428572,291.7142857142857,24440.285714285714
2020-12-29,10244852,148439,9834141,20549.0,286.0,26572.0,20826.571428571428,285.0,24394.14285714286
2020-12-30,10266674,148738,9860280,21822.0,299.0,26139.0,20413.714285714286,283.14285714285717,23872.428571428572
2020-12-31,10286709,148994,9883461,20035.0,256.0,23181.0,19980.571428571428,271.7142857142857,23661.0
2021-01-01,10305788,149218,9929568,19079.0,224.0,46107.0,19524.285714285714,267.85714285714283,27065.714285714286
2021-01-02,10323965,149435,9927310,18177.0,217.0,-2258.0,19445.0,259.0,23681.714285714286
2021-01-03,10340469,149649,9946867,16504.0,214.0,19557.0,18942.571428571428,249.71428571428572,23456.85714285714
2021-01-04,10356844,149850,9975958,16375.0,201.0,29091.0,18934.428571428572,242.42857142857142,24055.571428571428
2021-01-05,10374932,150114,9997272,18088.0,264.0,21314.0,18582.85714285714,239.28571428571428,23304.428571428572
2021-01-06,10395278,150336,10016859,20346.0,222.0,19587.0,18372.0,228.28571428571428,22368.428571428572
2021-01-07,10413417,150570,10037398,18139.0,234.0,20539.0,18101.14285714286,225.14285714285714,21991.0
2021-01-08,10413417,150570,10037398,0.0,0.0,0.0,15375.57142857143,193.14285714285714,15404.285714285714
2021-01-09,10450284,150999,10075950,36867.0,429.0,38552.0,18045.571428571428,223.42857142857142,21234.285714285714
2021-01-10,10466595,151160,10092909,16311.0,161.0,16959.0,18018.0,215.85714285714286,20863.14285714286
2021-01-11,10479179,151327,10111294,12584.0,167.0,18385.0,17476.428571428572,211.0,19333.714285714286
2021-01-12,10495147,151529,10129111,15968.0,202.0,17817.0,17173.571428571428,202.14285714285714,18834.14285714286
2021-01-13,10512093,151727,10146763,16946.0,198.0,17652.0,16687.85714285714,198.71428571428572,18557.714285714286
2021-01-14,10527683,151918,10162738,15590.0,191.0,15975.0,16323.714285714286,192.57142857142858,17905.714285714286
2021-01-15,10542841,152093,10179715,15158.0,175.0,16977.0,18489.14285714286,217.57142857142858,20331.0
2021-01-16,10557985,152274,10196885,15144.0,181.0,17170.0,15385.857142857143,182.14285714285714,17276.428571428572
2021-01-17,10571773,152419,10211342,13788.0,145.0,14457.0,15025.42857142857,179.85714285714286,16919.0
2021-01-18,10581823,152556,10228753,10050.0,137.0,17411.0,14663.42857142857,175.57142857142858,16779.85714285714
2021-01-19,10595639,152718,10245741,13816.0,162.0,16988.0,14356.0,169.85714285714286,16661.428571428572
2021-01-20,10610883,152869,10265706,15244.0,151.0,19965.0,14112.857142857143,163.14285714285714,16991.85714285714
2021-01-21,10625428,153032,10283702,14545.0,163.0,17996.0,13963.57142857143,159.14285714285714,17280.571428571428
2021-01-22,10639684,153184,10300838,14256.0,152.0,17136.0,13834.714285714286,155.85714285714286,17303.285714285714
2021-01-23,10654533,153339,10316786,14849.0,155.0,15948.0,13792.57142857143,152.14285714285714,17128.714285714286
2021-01-24,10667736,153470,10330084,13203.0,131.0,13298.0,13709.0,150.14285714285714,16963.14285714286
2021-01-25,10676838,153587,10345985,9102.0,117.0,15901.0,13573.57142857143,147.28571428571428,16747.428571428572
2021-01-26,10689527,153724,10359305,12689.0,137.0,13320.0,13412.57142857143,143.71428571428572,16223.42857142857
2021-01-27,10701193,153847,10373606,11666.0,123.0,14301.0,12901.42857142857,139.71428571428572,15414.285714285714
2021-01-28,10720048,154010,10394352,18855.0,163.0,20746.0,13517.142857142857,139.71428571428572,15807.142857142857
2021-01-29,10733130,154147,10409146,13082.0,137.0,14794.0,13349.42857142857,137.57142857142858,15472.57142857143
2021-01-30,10746174,154274,10423109,13044.0,127.0,13963.0,13091.57142857143,133.57142857142858,15189.0
2021-01-31,10757610,154392,10434983,11436.0,118.0,11874.0,12839.142857142857,131.71428571428572,14985.57142857143
2021-02-01,10766245,154486,10448406,8635.0,94.0,13423.0,12772.42857142857,128.42857142857142,14631.57142857143
2021-02-02,10777284,154596,10462631,11039.0,110.0,14225.0,12536.714285714286,124.57142857142857,14760.857142857143
2021-02-03,10790183,154703,10480455,12899.0,107.0,17824.0,12712.857142857143,122.28571428571429,15264.142857142857
2021-02-04,10802591,154823,10496308,12408.0,120.0,15853.0,11791.857142857143,116.14285714285714,14565.142857142857
2021-02-05,10814304,154918,10510796,11713.0,95.0,14488.0,11596.285714285714,110.14285714285714,14521.42857142857
2021-02-06,10826363,154996,10522601,12059.0,78.0,11805.0,11455.57142857143,103.14285714285714,14213.142857142857
2021-02-07,10838194,155080,10534505,11831.0,84.0,11904.0,11512.0,98.28571428571429,14217.42857142857
2021-02-08,10847304,155158,10548521,9110.0,78.0,14016.0,11579.857142857143,96.0,14302.142857142857
2021-02-09,10858371,155252,10561608,11067.0,94.0,13087.0,11583.857142857143,93.71428571428571,14139.57142857143
2021-02-10,10871294,155360,10573372,12923.0,108.0,11764.0,11587.285714285714,93.85714285714286,13273.857142857143
2021-02-11,10880603,155447,10589230,9309.0,87.0,15858.0,11144.57142857143,89.14285714285714,13274.57142857143
2021-02-12,10892746,155550,10600625,12143.0,103.0,11395.0,11206.0,90.28571428571429,12832.714285714286
2021-02-13,10904940,155642,10611731,12194.0,92.0,11106.0,11225.285714285714,92.28571428571429,12732.857142857143
2021-02-14,10916589,155732,10621220,11649.0,90.0,9489.0,11199.285714285714,93.14285714285714,12387.857142857143
2021-02-15,10925710,155813,10633025,9121.0,81.0,11805.0,11200.857142857143,93.57142857142857,12072.0
2021-02-16,10937320,155913,10644858,11610.0,100.0,11833.0,11278.42857142857,94.42857142857143,11892.857142857143
2021-02-17,10950201,156014,10656845,12881.0,101.0,11987.0,11272.42857142857,93.42857142857143,11924.714285714286
2021-02-18,10963394,156111,10667741,13193.0,97.0,10896.0,11827.285714285714,94.85714285714286,11215.857142857143
2021-02-19,10977387,156212,10678048,13993.0,101.0,10307.0,12091.57142857143,94.57142857142857,11060.42857142857
2021-02-20,10991651,156302,10689715,14264.0,90.0,11667.0,12387.285714285714,94.28571428571429,11140.57142857143
2021-02-21,11005850,156385,10699410,14199.0,83.0,9695.0,12751.57142857143,93.28571428571429,11170.0
2021-02-22,11016434,156463,10712665,10584.0,78.0,13255.0,12960.57142857143,92.85714285714286,11377.142857142857
2021-02-23,11030176,156567,10726702,13742.0,104.0,14037.0,13265.142857142857,93.42857142857143,11692.0
2021-02-24,11046914,156705,10738501,16738.0,138.0,11799.0,13816.142857142857,98.71428571428571,11665.142857142857
2021-02-25,11063491,156825,10750680,16577.0,120.0,12179.0,14299.57142857143,102.0,11848.42857142857
2021-02-26,11079979,156938,10763451,16488.0,113.0,12771.0,14656.0,103.71428571428571,12200.42857142857
2021-02-27,11096731,157051,10775169,16752.0,113.0,11718.0,15011.42857142857,107.0,12207.714285714286
2021-02-28,11112241,157157,10786452,15510.0,106.0,11283.0,15198.714285714286,110.28571428571429,12434.57142857143
2021-03-01,11124527,157248,10798921,12286.0,91.0,12469.0,15441.857142857143,112.14285714285714,12322.285714285714
2021-03-02,11139516,157346,10812044,14989.0,98.0,13123.0,15620.0,111.28571428571429,12191.714285714286
2021-03-03,11156923,157435,10826075,17407.0,89.0,14031.0,15715.57142857143,104.28571428571429,12510.57142857143
2021-03-04,11173761,157548,10839894,16838.0,113.0,13819.0,15752.857142857143,103.28571428571429,12744.857142857143
2021-03-05,11192045,157656,10854126,18284.0,108.0,14232.0,16009.42857142857,102.57142857142857,12953.57142857143
2021-03-06,11210799,157756,10868520,18754.0,100.0,14394.0,16295.42857142857,100.71428571428571,13335.857142857143
2021-03-07,11229398,157853,10882798,18599.0,97.0,14278.0,16736.714285714286,99.42857142857143,13763.714285714286
2021-03-08,11244786,157930,10899394,15388.0,77.0,16596.0,17179.85714285714,97.42857142857143,14353.285714285714
2021-03-09,11262707,158063,10920046,17921.0,133.0,20652.0,17598.714285714286,102.42857142857143,15428.857142857143
2021-03-10,11285561,158189,10938146,22854.0,126.0,18100.0,18376.85714285714,107.71428571428571,16010.142857142857
2021-03-11,11308846,158306,10953303,23285.0,117.0,15157.0,19297.85714285714,108.28571428571429,16201.285714285714
2021-03-12,11333728,158446,10973260,24882.0,140.0,19957.0,20240.428571428572,112.85714285714286,17019.14285714286
2021-03-13,11359048,158607,10989897,25320.0,161.0,16637.0,21178.428571428572,121.57142857142857,17339.571428571428
2021-03-14,11385339,158725,11007352,26291.0,118.0,17455.0,22277.285714285714,124.57142857142857,17793.428571428572
2021-03-15,11409831,158856,11027543,24492.0,131.0,20191.0,23577.85714285714,132.28571428571428,18307.0
2021-03-16,11438734,159044,11045284,28903.0,188.0,17741.0,25146.714285714286,140.14285714285714,17891.14285714286
2021-03-17,11474605,159216,11063025,35871.0,172.0,17741.0,27006.285714285714,146.71428571428572,17839.85714285714
2021-03-18,11514331,159370,11083679,39726.0,154.0,20654.0,29355.0,152.0,18625.14285714286
2021-03-19,11555284,159558,11107332,40953.0,188.0,23653.0,31650.85714285714,158.85714285714286,19153.14285714286
2021-03-20,11599130,159755,11130288,43846.0,197.0,22956.0,34297.42857142857,164.0,20055.85714285714
2021-03-21,11646081,159967,11151468,46951.0,212.0,21180.0,37248.857142857145,177.42857142857142,20588.0
2021-03-22,11686796,160166,11181253,40715.0,199.0,29785.0,39566.42857142857,187.14285714285714,21958.571428571428
2021-03-23,11734058,160441,11205160,47262.0,275.0,23907.0,42189.142857142855,199.57142857142858,22839.428571428572
2021-03-24,11787534,160692,11231650,53476.0,251.0,26490.0,44704.142857142855,210.85714285714286,24089.285714285714
2021-03-25,11846652,160949,11264637,59118.0,257.0,32987.0,47474.42857142857,225.57142857142858,25851.14285714286
2021-03-26,11908910,161240,11295023,62258.0,291.0,30386.0,50518.0,240.28571428571428,26813.0
2021-03-27,11971624,161552,11323762,62714.0,312.0,28739.0,53213.42857142857,256.7142857142857,27639.14285714286
2021-03-28,12039644,161843,11355993,68020.0,291.0,32231.0,56223.28571428572,268.0,29217.85714285714
2021-03-29,12095855,162114,11393021,56211.0,271.0,37028.0,58437.0,278.2857142857143,30252.571428571428
2021-03-30,12149335,162468,11434301,53480.0,354.0,41280.0,59325.28571428572,289.57142857142856,32734.428571428572
2021-03-31,12221665,162927,11474683,72330.0,459.0,40382.0,62018.71428571428,319.2857142857143,34719.0
2021-04-01,12303131,163396,11525039,81466.0,469.0,50356.0,65211.28571428572,349.57142857142856,37200.28571428572
2021-04-02,12392260,164110,11569241,89129.0,714.0,44202.0,69050.0,410.0,39174.0
2021-04-03,12485509,164623,11629289,93249.0,513.0,60048.0,73412.14285714286,438.7142857142857,43646.71428571428
2021-04-04,12589067,165101,11682136,103558.0,478.0,52847.0,78489.0,465.42857142857144,46591.857142857145
2021-04-05,12686049,165547,11732279,96982.0,446.0,50143.0,84313.42857142857,490.42857142857144,48465.42857142857
2021-04-06,12801785,166177,11792135,115736.0,630.0,59856.0,93207.14285714286,529.8571428571429,51119.142857142855
2021-04-07,12928574,166862,11851393,126789.0,685.0,59258.0,100987.0,562.1428571428571,53815.71428571428
2021-04-08,13060542,167642,11913292,131968.0,780.0,61899.0,108201.57142857143,606.5714285714286,55464.71428571428
2021-04-09,13205926,168436,11990859,145384.0,794.0,77567.0,116238.0,618.0,60231.142857142855
2021-04-10,13358805,169275,12081443,152879.0,839.0,90584.0,124756.57142857143,664.5714285714286,64593.42857142857
2021-04-11,13527717,170179,12156529,168912.0,904.0,75086.0,134092.85714285713,725.4285714285714,67770.42857142857
2021-04-12,13689453,171058,12253697,161736.0,879.0,97168.0,143343.42857142858,787.2857142857143,74488.28571428571
2021-04-13,13873825,172085,12336036,184372.0,1027.0,82339.0,153148.57142857142,844.0,77700.14285714286
2021-04-14,14074564,173123,12429564,200739.0,1038.0,93528.0,163712.85714285713,894.4285714285714,82595.85714285714
2021-04-15,14291917,174308,12547866,217353.0,1185.0,118302.0,175910.7142857143,952.2857142857143,90653.42857142857
2021-04-16,14526609,175649,12671220,234692.0,1341.0,123354.0,188669.0,1030.4285714285713,97194.42857142857
2021-04-17,14788003,177150,12809638,261394.0,1501.0,138418.0,204171.14285714287,1125.0,104027.85714285714
2021-04-18,15061805,178769,12953817,273802.0,1619.0,144179.0,219155.42857142858,1227.142857142857,113898.28571428571
2021-04-19,15320972,180530,13108565,259167.0,1761.0,154748.0,233074.14285714287,1353.142857142857,122124.0
2021-04-20,15616130,182553,13276039,295158.0,2023.0,167474.0,248900.7142857143,1495.4285714285713,134286.14285714287
2021-04-21,15930774,184657,13454880,314644.0,2104.0,178841.0,265172.85714285716,1647.7142857142858,146473.7142857143
2021-04-22,16263695,186920,13648159,332921.0,2263.0,193279.0,281682.5714285714,1801.7142857142858,157184.7142857143
2021-04-23,16610481,189544,13867997,346786.0,2624.0,219838.0,297696.0,1985.0,170968.14285714287
2021-04-24,16960172,192311,14085110,349691.0,2767.0,217113.0,310309.85714285716,2165.8571428571427,182210.2857142857
2021-04-25,17313163,195123,14304382,352991.0,2812.0,219272.0,321622.5714285714,2336.285714285714,192937.85714285713
2021-04-26,17636186,197894,14556089,323023.0,2771.0,251707.0,330744.85714285716,2480.5714285714284,206789.14285714287
2021-04-27,17997113,201187,14817240,360927.0,3293.0,261151.0,340140.4285714286,2662.0,220171.57142857142
2021-04-28,18376421,204832,15086740,379308.0,3645.0,269500.0,349378.14285714284,2882.1428571428573,233122.85714285713
2021-04-29,18762976,208330,15384418,386555.0,3498.0,297678.0,357040.14285714284,3058.5714285714284,248037.0
2021-04-30,19164969,211853,15684406,401993.0,3523.0,299988.0,364926.85714285716,3187.0,259487.0
2021-05-01,19557457,215542,15992271,392488.0,3689.0,307865.0,371040.71428571426,3318.714285714286,272451.5714285714
2021-05-02,19925517,218959,16292725,368060.0,3417.0,300454.0,373193.4285714286,3405.1428571428573,284049.0
2021-05-03,20282833,222408,16613292,357316.0,3449.0,320567.0,378092.4285714286,3502.0,293886.14285714284
2021-05-04,20664979,226188,16951521,382146.0,3780.0,338229.0,381123.71428571426,3571.5714285714284,304897.28571428574
2021-05-05,21077410,230168,17280844,412431.0,3980.0,329323.0,385855.5714285714,3619.4285714285716,313443.4285714286
2021-05-06,21491598,234083,17612351,414188.0,3915.0,331507.0,389803.14285714284,3679.0,318276.14285714284
2021-05-07,21892676,238270,17930960,401078.0,4187.0,318609.0,389672.4285714286,3773.8571428571427,320936.28571428574
2021-05-08,22296081,242347,18317364,403405.0,4077.0,386404.0,391232.0,3829.285714285714,332156.14285714284
2021-05-09,22662575,246116,18671222,366494.0,3769.0,353858.0,391008.28571428574,3879.5714285714284,339785.28571428574
2021-05-10,22992517,249992,19027304,329942.0,3876.0,356082.0,387097.71428571426,3940.5714285714284,344858.85714285716
2021-05-11,23340938,254197,19382642,348421.0,4205.0,355338.0,382279.85714285716,4001.285714285714,347303.0
2021-05-12,23703665,258317,19734823,362727.0,4120.0,352181.0,375179.28571428574,4021.285714285714,350568.4285714286
2021-05-13,24046809,262317,20079599,343144.0,4000.0,344776.0,365030.14285714284,4033.4285714285716,352464.0
2021-05-14,24372907,266207,20432898,326098.0,3890.0,353299.0,354318.71428571426,3991.0,357419.71428571426
2021-05-15,24684077,270284,20795335,311170.0,4077.0,362437.0,341142.28571428574,3991.0,353995.85714285716
2021-05-16,24965463,274390,21174076,281386.0,4106.0,378741.0,328984.0,4039.1428571428573,357550.5714285714
2021-05-17,25228996,278719,21596512,263533.0,4329.0,422436.0,319497.0,4103.857142857143,367029.71428571426
2021-05-18,25496330,283248,21986363,267334.0,4529.0,389851.0,307913.14285714284,4150.142857142857,371960.14285714284
2021-05-19,25772440,287122,22355440,276110.0,3874.0,369077.0,295539.28571428574,4115.0,374373.85714285716
2021-05-20,26031991,291331,22712735,259551.0,4209.0,357295.0,283597.4285714286,4144.857142857143,376162.28571428574
2021-05-21,26289290,295525,23070365,257299.0,4194.0,357630.0,273769.0,4188.285714285715,376781.0
2021-05-22,26530132,299266,23425467,240842.0,3741.0,355102.0,263722.14285714284,4140.285714285715,375733.14285714284
2021-05-23,26752447,303720,23728011,222315.0,4454.0,302544.0,255283.42857142858,4190.0,364847.85714285716
2021-05-24,26948874,307231,24054861,196427.0,3511.0,326850.0,245696.85714285713,4073.1428571428573,351192.71428571426
2021-05-25,27157795,311388,24350816,208921.0,4157.0,295955.0,237352.14285714287,4020.0,337779.0
2021-05-26,27369093,315235,24633951,211298.0,3847.0,283135.0,228093.2857142857,4016.1428571428573,325501.5714285714
2021-05-27,27555457,318895,24893410,186364.0,3660.0,259459.0,217638.0,3937.714285714286,311525.0
2021-05-28,27729247,322512,25178011,173790.0,3617.0,284601.0,205708.14285714287,3855.285714285714,301092.28571428574
2021-05-29,27894800,325972,25454320,165553.0,3460.0,276309.0,194952.57142857142,3815.1428571428573,289836.14285714284
2021-05-30,28047534,329100,25692342,152734.0,3128.0,238022.0,185012.42857142858,3625.714285714286,280618.71428571426
2021-05-31,28175044,331895,25947629,127510.0,2795.0,255287.0,175167.14285714287,3523.4285714285716,270395.4285714286
2021-06-01,28307832,335102,26179085,132788.0,3207.0,231456.0,164291.0,3387.714285714286,261181.2857142857
2021-06-02,28441986,337989,26390584,134154.0,2887.0,211499.0,153270.42857142858,3250.5714285714284,250947.57142857142
2021-06-03,28574350,340702,26597655,132364.0,2713.0,207071.0,145556.14285714287,3115.285714285714,243463.57142857142
2021-06-04,28694879,344082,26795549,120529.0,3380.0,197894.0,137947.42857142858,3081.4285714285716,231076.85714285713
2021-06-05,28809339,346759,26984781,114460.0,2677.0,189232.0,130648.42857142857,2969.5714285714284,218637.2857142857
2021-06-06,28909975,349186,27159180,100636.0,2427.0,174399.0,123205.85714285714,2869.4285714285716,209548.2857142857
2021-06-07,28996473,351309,27341462,86498.0,2123.0,182282.0,117347.0,2773.4285714285716,199119.0
2021-06-08,29089069,353528,27504126,92596.0,2219.0,162664.0,111605.28571428571,2632.285714285714,189291.57142857142
2021-06-09,29182532,355705,27655493,93463.0,2177.0,151367.0,105792.28571428571,2530.8571428571427,180701.2857142857
2021-06-10,29274823,363079,27790073,92291.0,7374.0,134580.0,100067.57142857143,3196.714285714286,170345.42857142858
2021-06-11,29359155,367081,27911384,84332.0,4002.0,121311.0,94896.57142857143,3285.5714285714284,159405.0
2021-06-12,29439989,370384,28043446,80834.0,3303.0,132062.0,90092.85714285714,3375.0,151237.85714285713
2021-06-13,29510410,374305,28162947,70421.0,3921.0,119501.0,85776.42857142857,3588.4285714285716,143395.2857142857
2021-06-14,29570881,377031,28280472,60471.0,2726.0,117525.0,82058.28571428571,3674.5714285714284,134144.2857142857
2021-06-15,29633105,379573,28388100,62224.0,2542.0,107628.0,77719.42857142857,3720.714285714286,126282.0
2021-06-16,29700313,381903,28491670,67208.0,2330.0,103570.0,73968.71428571429,3742.5714285714284,119453.85714285714
2021-06-17,29762793,383490,28580647,62480.0,1587.0,88977.0,69710.0,2915.8571428571427,112939.14285714286
2021-06-18,29823546,385137,28678390,60753.0,1647.0,97743.0,66341.57142857143,2579.4285714285716,109572.28571428571
2021-06-19,29881772,386708,28765738,58226.0,1571.0,87348.0,63111.857142857145,2332.0,103184.57142857143
2021-06-20,29935221,388135,28844199,53449.0,1427.0,78461.0,60687.28571428572,1975.7142857142858,97321.71428571429
2021-06-21,29977861,389302,28926038,42640.0,1167.0,81839.0,58140.0,1753.0,92223.71428571429
2021-06-22,30028709,390660,28994855,50848.0,1358.0,68817.0,56514.857142857145,1583.857142857143,86679.28571428571
2021-06-23,30082778,391981,29063740,54069.0,1321.0,68885.0,54637.857142857145,1439.7142857142858,81724.28571428571
2021-06-24,30134445,393310,29128267,51667.0,1329.0,64527.0,53093.142857142855,1402.857142857143,78231.42857142857
2021-06-25,30183143,394493,29193085,48698.0,1183.0,64818.0,51371.0,1336.5714285714287,73527.85714285714
2021-06-26,30233183,395751,29251029,50040.0,1258.0,57944.0,50201.57142857143,1291.857142857143,69327.28571428571
2021-06-27,30279331,396730,29309607,46148.0,979.0,58578.0,49158.57142857143,1227.857142857143,66486.85714285714
2021-06-28,30316897,397637,29366601,37566.0,907.0,56994.0,48433.71428571428,1190.7142857142858,62937.57142857143
2021-06-29,30362848,398454,29427330,45951.0,817.0,60729.0,47734.142857142855,1113.4285714285713,61782.142857142855
2021-06-30,30411634,399459,29488918,48786.0,1005.0,61588.0,46979.42857142857,1068.2857142857142,60739.71428571428
2021-07-01,30458251,400312,29548302,46617.0,853.0,59384.0,46258.0,1000.2857142857143,60005.0
2021-07-02,30502362,401050,29605779,44111.0,738.0,57477.0,45602.71428571428,936.7142857142857,58956.28571428572
2021-07-03,30545433,402005,29658078,43071.0,955.0,52299.0,44607.142857142855,893.4285714285714,58149.857142857145
2021-07-04,30585229,402728,29700430,39796.0,723.0,42352.0,43699.71428571428,856.8571428571429,55831.857142857145
2021-07-05,30619932,403281,29752294,34703.0,553.0,51864.0,43290.71428571428,806.2857142857143,55099.0
2021-07-06,30663665,404211,29799534,43733.0,930.0,47240.0,42973.857142857145,822.4285714285714,53172.0
2021-07-07,30709557,405028,29843825,45892.0,817.0,44291.0,42560.42857142857,795.5714285714286,50701.0
2021-07-08,30752950,405939,29888284,43393.0,911.0,44459.0,42099.857142857145,803.8571428571429,48568.857142857145
2021-07-09,30795716,407145,29933538,42766.0,1206.0,45254.0,41907.71428571428,870.7142857142857,46822.71428571428
2021-07-10,30837222,408040,29975064,41506.0,895.0,41526.0,41684.142857142855,862.1428571428571,45283.71428571428
2021-07-11,30874376,408764,30014713,37154.0,724.0,39649.0,41306.71428571428,862.2857142857143,44897.57142857143
2021-07-12,30907282,410784,30063720,32906.0,2020.0,49007.0,41050.0,1071.857142857143,44489.42857142857
2021-07-13,30946147,411406,30104659,38865.0,622.0,40939.0,40354.57142857143,1027.857142857143,43589.28571428572
2021-07-14,30987880,411989,30143850,41733.0,583.0,39191.0,39760.42857142857,994.4285714285714,42860.71428571428
2021-07-15,31026829,412531,30183876,38949.0,542.0,40026.0,39125.57142857143,941.7142857142857,42227.42857142857
2021-07-16,31064908,413091,30227792,38079.0,560.0,43916.0,38456.0,849.4285714285714,42036.28571428572
2021-07-17,31106065,413609,30269796,41157.0,518.0,42004.0,38406.142857142855,795.5714285714286,42104.57142857143
2021-07-18,31144229,414108,30308456,38164.0,499.0,38660.0,38550.42857142857,763.4285714285714,41963.28571428572
2021-07-19,31174322,414482,30353710,30093.0,374.0,45254.0,38148.57142857143,528.2857142857143,41427.142857142855
2021-07-20,31216337,418480,30390687,42015.0,3998.0,36977.0,38598.57142857143,1010.5714285714286,40861.142857142855
2021-07-21,31257720,418987,30429339,41383.0,507.0,38652.0,38548.57142857143,999.7142857142857,40784.142857142855
2021-07-22,31293062,419470,30468079,35342.0,483.0,38740.0,38033.28571428572,991.2857142857143,40600.42857142857
2021-07-23,31332159,420016,30468079,39097.0,546.0,0.0,38178.71428571428,989.2857142857143,34326.71428571428
2021-07-24,31371901,420551,30543138,39742.0,535.0,75059.0,37976.57142857143,991.7142857142857,39048.857142857145
2021-07-25,31411262,420967,30579106,39361.0,416.0,35968.0,38147.57142857143,979.8571428571429,38664.28571428572
2021-07-26,31440951,421382,30621469,29689.0,415.0,42363.0,38089.857142857145,985.7142857142857,38251.28571428572
2021-07-27,31484605,422022,30663147,43654.0,640.0,41678.0,38324.0,506.0,38922.857142857145
2021-07-28,31528114,422662,30701612,43509.0,640.0,38465.0,38627.71428571428,525.0,38896.142857142855
2021-07-29,31572344,423217,30743972,44230.0,555.0,42360.0,39897.42857142857,535.2857142857143,39413.28571428572
2021-07-30,31613993,423810,30781263,41649.0,593.0,37291.0,40262.0,542.0,44740.57142857143
2021-07-31,31655824,424351,30820521,41831.0,541.0,39258.0,40560.42857142857,542.8571428571429,39626.142857142855
2021-08-01,31695958,424773,30857467,40134.0,422.0,36946.0,40670.857142857145,543.7142857142857,39765.857142857145
2021-08-02,31726507,425195,30896354,30549.0,422.0,38887.0,40793.71428571428,544.7142857142857,39269.28571428572
2021-08-03,31769132,425757,30933022,42625.0,562.0,36668.0,40646.71428571428,533.5714285714286,38553.57142857143
2021-08-04,31812114,426290,30974748,42982.0,533.0,41726.0,40571.42857142857,518.2857142857143,39019.42857142857
2021-08-05,31856757,426754,0,44643.0,464.0,-30974748.0,40630.42857142857,505.2857142857143,-4391996.0
2021-08-06,31895385,427371,0,38628.0,617.0,0.0,40198.857142857145,508.7142857142857,-4397323.285714285
2021-08-07,31934455,427862,0,39070.0,491.0,0.0,39804.42857142857,501.57142857142856,-4402931.571428572
2021-08-08,31969954,428309,0,35499.0,447.0,0.0,39142.28571428572,505.14285714285717,-4408209.571428572
2021-08-09,31998158,428682,0,28204.0,373.0,0.0,38807.28571428572,498.14285714285717,-4413764.857142857
2021-08-10,32036511,429179,0,38353.0,497.0,0.0,38197.0,488.85714285714283,-4419003.142857143
2021-08-11,32077706,429669,0,41195.0,490.0,0.0,37941.71428571428,482.7142857142857,-4424964.0
2021-08-12,32117826,430254,0,40120.0,585.0,0.0,37295.57142857143,500.0,0.0
2021-08-13,32156493,430732,0,38667.0,478.0,0.0,37301.142857142855,480.14285714285717,0.0
2021-08-14,32192576,431225,0,36083.0,493.0,0.0,36874.42857142857,480.42857142857144,0.0
2021-08-15,32225513,431642,0,32937.0,417.0,0.0,36508.42857142857,476.14285714285717,0.0
2021-08-16,32250679,432079,0,25166.0,437.0,0.0,36074.42857142857,485.2857142857143,0.0
2021-08-17,32285857,432519,0,35178.0,440.0,0.0,35620.857142857145,477.14285714285717,0.0
2021-08-18,32322258,433049,0,36401.0,530.0,0.0,34936.0,482.85714285714283,0.0
2021-08-19,32358829,433589,0,36571.0,540.0,0.0,34429.0,476.42857142857144,0.0
2021-08-20,32393286,433964,0,34457.0,375.0,0.0,33827.57142857143,461.7142857142857,0.0
2021-08-21,32424234,434367,0,30948.0,403.0,0.0,33094.0,448.85714285714283,0.0
2021-08-22,32449306,434756,0,25072.0,389.0,0.0,31970.428571428572,444.85714285714283,0.0
2021-08-23,32474773,435110,0,25467.0,354.0,0.0,32013.428571428572,433.0,0.0
2021-08-24,32512366,435758,0,37593.0,648.0,0.0,32358.428571428572,462.7142857142857,0.0
2021-08-25,32558530,436365,0,46164.0,607.0,0.0,33753.142857142855,473.7142857142857,0.0
2021-08-26,32603188,436861,0,44658.0,496.0,0.0,34908.42857142857,467.42857142857144,0.0
2021-08-27,32649947,437370,0,46759.0,509.0,0.0,36665.857142857145,486.57142857142856,0.0
2021-08-28,32695030,437830,0,45083.0,460.0,0.0,38685.142857142855,494.7142857142857,0.0
2021-08-29,32737939,438210,0,42909.0,380.0,0.0,41233.28571428572,493.42857142857144,0.0
2021-08-30,32768880,438560,0,30941.0,350.0,0.0,42015.28571428572,492.85714285714283,0.0
2021-08-31,32810845,439020,0,41965.0,460.0,0.0,42639.857142857145,466.0,0.0
2021-09-01,32857937,439529,0,47092.0,509.0,0.0,42772.42857142857,452.0,0.0
2021-09-02,32903289,439895,0,45352.0,366.0,0.0,42871.57142857143,433.42857142857144,0.0
2021-09-03,32945907,440225,0,42618.0,330.0,0.0,42280.0,407.85714285714283,0.0
2021-09-04,32988673,440533,0,42766.0,308.0,0.0,41949.0,386.14285714285717,0.0
2021-09-05,33027621,440752,0,38948.0,219.0,0.0,41383.142857142855,363.14285714285717,0.0
2021-09-06,33058843,441042,0,31222.0,290.0,0.0,41423.28571428572,354.57142857142856,0.0
2021-09-07,33096718,441411,0,37875.0,369.0,0.0,40839.0,341.57142857142856,0.0
2021-09-08,33139981,441749,0,43263.0,338.0,0.0,40292.0,317.14285714285717,0.0
2021-09-09,33174954,442009,0,34973.0,260.0,0.0,38809.28571428572,302.0,0.0
2021-09-10,33208330,442317,0,33376.0,308.0,0.0,37489.0,298.85714285714283,0.0
2021-09-11,33236921,442655,0,28591.0,338.0,0.0,35464.0,303.14285714285717,0.0
2021-09-12,33264175,442874,0,27254.0,219.0,0.0,33793.42857142857,303.14285714285717,0.0
2021-09-13,33289579,443213,0,25404.0,339.0,0.0,32962.28571428572,310.14285714285717,0.0
2021-09-14,33316755,443497,0,27176.0,284.0,0.0,31433.85714285714,298.0,0.0
2021-09-15,33347325,443928,0,30570.0,431.0,0.0,29620.571428571428,311.2857142857143,0.0
2021-09-16,33381728,444248,0,34403.0,320.0,0.0,29539.14285714286,319.85714285714283,0.0
2021-09-17,33417390,444529,0,35662.0,281.0,0.0,29865.714285714286,316.0,0.0
2021-09-18,33448163,444838,0,30773.0,309.0,0.0,30177.428571428572,311.85714285714283,0.0
2021-09-19,33478419,445133,0,30256.0,295.0,0.0,30606.285714285714,322.7142857142857,0.0
2021-09-20,33504534,445385,0,26115.0,252.0,0.0,30707.85714285714,310.2857142857143,0.0
2021-09-21,33531498,445768,0,26964.0,383.0,0.0,30677.571428571428,324.42857142857144,0.0
2021-09-22,33563421,446050,0,31923.0,282.0,0.0,30870.85714285714,303.14285714285717,0.0
2021-09-23,33594803,446368,0,31382.0,318.0,0.0,30439.285714285714,302.85714285714283,0.0
2021-09-24,33624419,446658,0,29616.0,290.0,0.0,29575.571428571428,304.14285714285717,0.0
2021-09-25,33652745,446918,0,28326.0,260.0,0.0,29226.0,297.14285714285717,0.0
2021-09-26,33678786,447194,0,26041.0,276.0,0.0,28623.85714285714,294.42857142857144,0.0
2021-09-27,33697581,447373,0,18795.0,179.0,0.0,27578.14285714286,284.0,0.0
2021-09-28,33716451,447751,0,18870.0,378.0,0.0,26421.85714285714,283.2857142857143,0.0
2021-09-29,33739980,448062,0,23529.0,311.0,0.0,25222.714285714286,287.42857142857144,0.0
2021-09-30,33766707,448339,0,26727.0,277.0,0.0,24557.714285714286,281.57142857142856,0.0
2021-10-01,33791061,448573,0,24354.0,234.0,0.0,23806.0,273.57142857142856,0.0
2021-10-02,33813903,448817,0,22842.0,244.0,0.0,23022.571428571428,271.2857142857143,0.0
2021-10-03,33834702,448997,0,20799.0,180.0,0.0,22273.714285714286,257.57142857142856,0.0
2021-10-04,33853048,449260,0,18346.0,263.0,0.0,22209.571428571428,269.57142857142856,0.0
2021-10-05,33871881,449538,0,18833.0,278.0,0.0,22204.285714285714,255.28571428571428,0.0
2021-10-06,33894312,449856,0,22431.0,318.0,0.0,22047.428571428572,256.2857142857143,0.0
2021-10-07,33915569,450127,0,21257.0,271.0,0.0,21266.0,255.42857142857142,0.0
2021-10-08,33935309,450375,0,19740.0,248.0,0.0,20606.85714285714,257.42857142857144,0.0
2021-10-09,33953475,450589,0,18166.0,214.0,0.0,19938.85714285714,253.14285714285714,0.0
2021-10-10,33971607,450782,0,18132.0,193.0,0.0,19557.85714285714,255.0,0.0
2021-10-11,33985920,450963,0,14313.0,181.0,0.0,18981.714285714286,243.28571428571428,0.0
2021-10-12,34001743,451189,0,15823.0,226.0,0.0,18551.714285714286,235.85714285714286,0.0
2021-10-13,34020730,451435,0,18987.0,246.0,0.0,18059.714285714286,225.57142857142858,0.0
2021-10-14,34037592,451814,0,16862.0,379.0,0.0,17431.85714285714,241.0,0.0
2021-10-15,34053573,451980,0,15981.0,166.0,0.0,16894.85714285714,229.28571428571428,0.0
2021-10-16,34067719,452124,0,14146.0,144.0,0.0,16320.57142857143,219.28571428571428,0.0
2021-10-17,34081315,452290,0,13596.0,166.0,0.0,15672.57142857143,215.42857142857142,0.0
2021-10-18,34094373,452454,0,13058.0,164.0,0.0,15493.285714285714,213.0,0.0
2021-10-19,34108996,452651,0,14623.0,197.0,0.0,15321.857142857143,208.85714285714286,0.0
2021-10-20,34127450,452811,0,18454.0,160.0,0.0,15245.714285714286,196.57142857142858,0.0
2021-10-21,34143236,453042,0,15786.0,231.0,0.0,15092.0,175.42857142857142,0.0
2021-10-22,34159562,453708,0,16326.0,666.0,0.0,15141.285714285714,246.85714285714286,0.0
2021-10-23,34175468,454269,0,15906.0,561.0,0.0,15392.714285714286,306.42857142857144,0.0
2021-10-24,34189774,454712,0,14306.0,443.0,0.0,15494.142857142857,346.0,0.0
2021-10-25,34202202,455068,0,12428.0,356.0,0.0,15404.142857142857,373.42857142857144,0.0
2021-10-26,34215653,455653,0,13451.0,585.0,0.0,15236.714285714286,428.85714285714283,0.0
2021-10-27,34231809,456386,0,16156.0,733.0,0.0,14908.42857142857,510.7142857142857,0.0
2021-10-28,34246157,457191,0,14348.0,805.0,0.0,14703.0,592.7142857142857,0.0
2021-10-29,34260470,457740,0,14313.0,549.0,0.0,14415.42857142857,576.0,0.0
2021-10-30,34273300,458186,0,12830.0,446.0,0.0,13976.0,559.5714285714286,0.0
2021-10-31,34285814,458437,0,12514.0,251.0,0.0,13720.0,532.1428571428571,0.0
2021-11-01,34296237,458880,0,10423.0,443.0,0.0,13433.57142857143,544.5714285714286,0.0
2021-11-02,34308140,459191,0,11903.0,311.0,0.0,13212.42857142857,505.42857142857144,0.0
2021-11-03,34321025,459652,0,12885.0,461.0,0.0,12745.142857142857,466.57142857142856,0.0
2021-11-04,34333754,459873,0,12729.0,221.0,0.0,12513.857142857143,383.14285714285717,0.0
2021-11-05,34344683,460265,0,10929.0,392.0,0.0,12030.42857142857,360.7142857142857,0.0
2021-11-06,34355509,460791,0,10826.0,526.0,0.0,11744.142857142857,372.14285714285717,0.0
2021-11-07,34366987,461057,0,11478.0,266.0,0.0,11596.142857142857,374.2857142857143,0.0
2021-11-08,34377113,461389,0,10126.0,332.0,0.0,11553.714285714286,358.42857142857144,0.0
2021-11-09,34388579,461849,0,11466.0,460.0,0.0,11491.285714285714,379.7142857142857,0.0
2021-11-10,34401670,462189,0,13091.0,340.0,0.0,11520.714285714286,362.42857142857144,0.0
2021-11-11,34414186,462690,0,12516.0,501.0,0.0,11490.285714285714,402.42857142857144,0.0
2021-11-12,34426036,463245,0,11850.0,555.0,0.0,11621.857142857143,425.7142857142857,0.0
2021-11-13,34437307,463530,0,11271.0,285.0,0.0,11685.42857142857,391.2857142857143,0.0
2021-11-14,34447536,463655,0,10229.0,125.0,0.0,11507.0,371.14285714285717,0.0
2021-11-15,34456401,463852,0,8865.0,197.0,0.0,11326.857142857143,351.85714285714283,0.0
2021-11-16,34466598,464153,0,10197.0,301.0,0.0,11145.57142857143,329.14285714285717,0.0
2021-11-17,34478517,464623,0,11919.0,470.0,0.0,10978.142857142857,347.7142857142857,0.0
2021-11-18,34489623,465082,0,11106.0,459.0,0.0,10776.714285714286,341.7142857142857,0.0
2021-11-19,34499925,465349,0,10302.0,267.0,0.0,10555.57142857143,300.57142857142856,0.0
2021-11-20,34510413,465662,0,10488.0,313.0,0.0,10443.714285714286,304.57142857142856,0.0
2021-11-21,34518901,465911,0,8488.0,249.0,0.0,10195.0,322.2857142857143,0.0
2021-11-22,34526480,466147,0,7579.0,236.0,0.0,10011.285714285714,327.85714285714283,0.0
2021-11-23,34535763,466584,0,9283.0,437.0,0.0,9880.714285714286,347.2857142857143,0.0
2021-11-24,34544882,466980,0,9119.0,396.0,0.0,9480.714285714286,336.7142857142857,0.0
2021-11-25,34555431,467468,0,10549.0,488.0,0.0,9401.142857142857,340.85714285714283,0.0
2021-11-26,34563749,467933,0,8318.0,465.0,0.0,9117.714285714286,369.14285714285717,0.0
2021-11-27,34572523,468554,0,8774.0,621.0,0.0,8872.857142857143,413.14285714285717,0.0
2021-11-28,34580832,468790,0,8309.0,236.0,0.0,8847.285714285714,411.2857142857143,0.0
2021-11-29,34587822,468980,0,6990.0,190.0,0.0,8763.142857142857,404.7142857142857,0.0
2021-11-30,34596776,469247,0,8954.0,267.0,0.0,8716.142857142857,380.42857142857144,0.0
2021-12-01,34606541,469724,0,9765.0,477.0,0.0,8808.42857142857,392.0,0.0
2021-12-02,34615757,470115,0,9216.0,391.0,0.0,8618.0,378.14285714285717,0.0
2021-12-03,34624360,470530,0,8603.0,415.0,0.0,8658.714285714286,371.0,0.0
2021-12-04,34624360,470530,0,0.0,0.0,0.0,7405.285714285715,282.2857142857143,0.0
2021-12-05,34641561,473537,0,17201.0,3007.0,0.0,8675.57142857143,678.1428571428571,0.0
2021-12-06,34648383,473757,0,6822.0,220.0,0.0,8651.57142857143,682.4285714285714,0.0
2021-12-07,34656822,473952,0,8439.0,195.0,0.0,8578.0,672.1428571428571,0.0
2021-12-08,34666241,474111,0,9419.0,159.0,0.0,8528.57142857143,626.7142857142857,0.0
2021-12-09,34674643,474479,0,8402.0,368.0,0.0,8412.285714285714,623.4285714285714,0.0
2021-12-10,34682633,474872,0,7990.0,393.0,0.0,8324.714285714286,620.2857142857143,0.0
2021-12-11,34690510,475434,0,7877.0,562.0,0.0,9450.0,700.5714285714286,0.0
2021-12-12,34697860,475636,0,7350.0,202.0,0.0,8042.714285714285,299.85714285714283,0.0
2021-12-13,34703644,475888,0,5784.0,252.0,0.0,7894.428571428572,304.42857142857144,0.0
2021-12-14,34710628,476135,0,6984.0,247.0,0.0,7686.571428571428,311.85714285714283,0.0
2021-12-15,34718602,476478,0,7974.0,343.0,0.0,7480.142857142857,338.14285714285717,0.0
2021-12-16,34726049,476869,0,7447.0,391.0,0.0,7343.714285714285,341.42857142857144,0.0
2021-12-17,34726049,476869,0,0.0,0.0,0.0,6202.285714285715,285.2857142857143,0.0
2021-12-18,34733194,477158,0,7145.0,289.0,0.0,6097.714285714285,246.28571428571428,0.0
2021-12-19,34746838,477554,0,13644.0,396.0,0.0,6996.857142857143,274.0,0.0
2021-12-20,34752164,478007,0,5326.0,453.0,0.0,6931.428571428572,302.7142857142857,0.0
2021-12-21,34758481,478325,0,6317.0,318.0,0.0,6836.142857142857,312.85714285714283,0.0
2021-12-22,34765976,478759,0,7495.0,434.0,0.0,6767.714285714285,325.85714285714283,0.0
2021-12-23,34772626,479133,0,6650.0,374.0,0.0,6653.857142857143,323.42857142857144,0.0
2021-12-24,34779815,479520,0,7189.0,387.0,0.0,7680.857142857143,378.7142857142857,0.0
2021-12-25,34786802,479682,0,6987.0,162.0,0.0,7658.285714285715,360.57142857142856,0.0
2021-12-26,34793333,479997,0,6531.0,315.0,0.0,6642.142857142857,349.0,0.0
2021-12-27,34799691,480290,0,6358.0,293.0,0.0,6789.571428571428,326.14285714285717,0.0
2021-12-28,34808886,480592,0,9195.0,302.0,0.0,7200.714285714285,323.85714285714283,0.0
2021-12-29,34822040,480860,0,13154.0,268.0,0.0,8009.142857142857,300.14285714285717,0.0
2021-12-30,34838804,481080,0,16764.0,220.0,0.0,9454.0,278.14285714285717,0.0
2021-12-31,34861579,481486,0,22775.0,406.0,0.0,11680.57142857143,280.85714285714283,0.0
2022-01-01,34889132,481770,0,27553.0,284.0,0.0,14618.57142857143,298.2857142857143,0.0
2022-01-02,34922882,481893,0,33750.0,123.0,0.0,18507.0,270.85714285714283,0.0
2022-01-03,34960261,482017,0,37379.0,124.0,0.0,22938.571428571428,246.71428571428572,0.0
2022-01-04,35018358,482551,0,58097.0,534.0,0.0,29924.571428571428,279.85714285714283,0.0
2022-01-05,35109286,482876,0,90928.0,325.0,0.0,41035.142857142855,288.0,0.0
2022-01-06,35226386,483178,0,117100.0,302.0,0.0,55368.857142857145,299.7142857142857,0.0
2022-01-07,35368372,483463,0,141986.0,285.0,0.0,72399.0,282.42857142857144,0.0
2022-01-08,35528004,483790,0,159632.0,327.0,0.0,91267.42857142857,288.57142857142856,0.0
2022-01-09,35707727,483936,0,179723.0,146.0,0.0,112120.71428571429,291.85714285714283,0.0
2022-01-10,35875790,484213,0,168063.0,277.0,0.0,130789.85714285714,313.7142857142857,0.0
2022-01-11,36070510,484655,0,194720.0,442.0,0.0,150307.42857142858,300.57142857142856,0.0
2022-01-12,36317927,485035,0,247417.0,380.0,0.0,172663.0,308.42857142857144,0.0
2022-01-13,36582129,485446,0,264202.0,411.0,0.0,193677.57142857142,324.0,0.0
2022-01-14,36850962,485752,0,268833.0,306.0,0.0,211798.57142857142,327.0,0.0
2022-01-15,37122164,486066,0,271202.0,314.0,0.0,227737.14285714287,325.14285714285717,0.0
2022-01-16,37380253,486451,0,258089.0,385.0,0.0,238932.2857142857,359.2857142857143,0.0
2022-01-17,37618271,486761,0,238018.0,310.0,0.0,248925.85714285713,364.0,0.0
2022-01-18,37901241,487202,0,282970.0,441.0,0.0,261533.0,363.85714285714283,0.0
2022-01-19,38218773,487693,0,317532.0,491.0,0.0,271549.4285714286,379.7142857142857,0.0
2022-01-20,38566027,488396,0,347254.0,703.0,0.0,283414.0,421.42857142857144,0.0
2022-01-21,38903731,488884,0,337704.0,488.0,0.0,293252.71428571426,447.42857142857144,0.0
2022-01-22,39237264,489409,0,333533.0,525.0,0.0,302157.14285714284,477.57142857142856,0.0
2022-01-23,39543328,489848,0,306064.0,439.0,0.0,309010.71428571426,485.2857142857143,0.0
2022-01-24,39799202,490462,0,255874.0,614.0,0.0,311561.5714285714,528.7142857142857,0.0
2022-01-25,40085116,491127,0,285914.0,665.0,0.0,311982.14285714284,560.7142857142857,0.0
2022-01-26,40371500,491700,0,286384.0,573.0,0.0,307532.4285714286,572.4285714285714,0.0
2022-01-27,40622709,492327,0,251209.0,627.0,0.0,293811.71428571426,561.5714285714286,0.0
2022-01-28,40858241,493198,0,235532.0,871.0,0.0,279215.71428571426,616.2857142857143,0.0
2022-01-29,41092522,494091,0,234281.0,893.0,0.0,265036.85714285716,668.8571428571429,0.0
2022-01-30,41302440,495050,0,209918.0,959.0,0.0,251301.7142857143,743.1428571428571,0.0
2022-01-31,41469499,496242,0,167059.0,1192.0,0.0,238613.85714285713,825.7142857142857,0.0
2022-02-01,41630885,497975,0,161386.0,1733.0,0.0,220824.14285714287,978.2857142857143,0.0
2022-02-02,41803318,498983,0,172433.0,1008.0,0.0,204545.42857142858,1040.4285714285713,0.0
2022-02-03,41952712,500055,0,149394.0,1072.0,0.0,190000.42857142858,1104.0,0.0
2022-02-04,42080664,501114,0,127952.0,1059.0,0.0,174631.85714285713,1130.857142857143,0.0
2022-02-05,42188138,501979,0,107474.0,865.0,0.0,156516.57142857142,1126.857142857143,0.0
2022-02-06,42272014,502874,0,83876.0,895.0,0.0,138510.57142857142,1117.7142857142858,0.0
2022-02-07,42339611,504062,0,67597.0,1188.0,0.0,124301.71428571429,1117.142857142857,0.0
2022-02-08,42410976,505279,0,71365.0,1217.0,0.0,111441.57142857143,1043.4285714285713,0.0
2022-02-09,42478060,506520,0,67084.0,1241.0,0.0,96391.71428571429,1076.7142857142858,0.0
2022-02-10,42536137,507177,0,58077.0,657.0,0.0,83346.42857142857,1017.4285714285714,0.0
2022-02-11,42586544,507981,0,50407.0,804.0,0.0,72268.57142857143,981.0,0.0
2022-02-12,42631421,508665,0,44877.0,684.0,0.0,63326.142857142855,955.1428571428571,0.0
2022-02-13,42665534,509011,0,34113.0,346.0,0.0,56217.142857142855,876.7142857142857,0.0
2022-02-14,42692943,509358,0,27409.0,347.0,0.0,50476.0,756.5714285714286,0.0
2022-02-15,42723558,509872,0,30615.0,514.0,0.0,44654.57142857143,656.1428571428571,0.0
2022-02-16,42754315,510413,0,30757.0,541.0,0.0,39465.0,556.1428571428571,0.0
2022-02-17,42780235,510905,0,25920.0,492.0,0.0,34871.142857142855,532.5714285714286,0.0
2022-02-18,42802505,511230,0,22270.0,325.0,0.0,30851.571428571428,464.14285714285717,0.0
2022-02-19,42822473,511903,0,19968.0,673.0,0.0,27293.14285714286,462.57142857142856,0.0
2022-02-20,42838524,512109,0,16051.0,206.0,0.0,24712.85714285714,442.57142857142856,0.0
2022-02-21,42851929,512344,0,13405.0,235.0,0.0,22712.285714285714,426.57142857142856,0.0
2022-02-22,42867031,512622,0,15102.0,278.0,0.0,20496.14285714286,392.85714285714283,0.0
2022-02-23,42881179,512924,0,14148.0,302.0,0.0,18123.428571428572,358.7142857142857,0.0
2022-02-24,42894345,513226,0,13166.0,302.0,0.0,16301.42857142857,331.57142857142856,0.0
2022-02-25,42905844,513481,0,11499.0,255.0,0.0,14762.714285714286,321.57142857142856,0.0
2022-02-26,42916117,513724,0,10273.0,243.0,0.0,13377.714285714286,260.14285714285717,0.0
2022-02-27,42924130,513843,0,8013.0,119.0,0.0,12229.42857142857,247.71428571428572,0.0
2022-02-28,42931045,514023,0,6915.0,180.0,0.0,11302.285714285714,239.85714285714286,0.0
2022-03-01,42938599,514246,0,7554.0,223.0,0.0,10224.0,232.0,0.0
2022-03-02,42945160,514388,0,6561.0,142.0,0.0,9140.142857142857,209.14285714285714,0.0
2022-03-03,42951556,514589,0,6396.0,201.0,0.0,8173.0,194.71428571428572,0.0
2022-03-04,42957477,514878,0,5921.0,289.0,0.0,7376.142857142857,199.57142857142858,0.0
2022-03-05,42962953,515036,0,5476.0,158.0,0.0,6690.857142857143,187.42857142857142,0.0
2022-03-06,42967315,515102,0,4362.0,66.0,0.0,6169.285714285715,179.85714285714286,0.0
2022-03-07,42971308,515210,0,3993.0,108.0,0.0,5751.857142857143,169.57142857142858,0.0
2022-03-08,42975883,515355,0,4575.0,145.0,0.0,5326.285714285715,158.42857142857142,0.0
2022-03-09,42980067,515459,0,4184.0,104.0,0.0,4986.714285714285,153.0,0.0
2022-03-10,42984261,515714,0,4194.0,255.0,0.0,4672.142857142857,160.71428571428572,0.0
2022-03-11,42987875,515803,0,3614.0,89.0,0.0,4342.571428571428,132.14285714285714,0.0
2022-03-12,42990991,515850,0,3116.0,47.0,0.0,4005.4285714285716,116.28571428571429,0.0
2022-03-13,42993494,515877,0,2503.0,27.0,0.0,3739.8571428571427,110.71428571428571,0.0
2022-03-14,42996062,515974,0,2568.0,97.0,0.0,3536.285714285714,109.14285714285714,0.0
2022-03-15,42998938,516072,0,2876.0,98.0,0.0,3293.5714285714284,102.42857142857143,0.0
2022-03-16,43001477,516132,0,2539.0,60.0,0.0,3058.5714285714284,96.14285714285714,0.0
2022-03-17,43004005,516281,0,2528.0,149.0,0.0,2820.5714285714284,81.0,0.0
2022-03-18,43006080,516352,0,2075.0,71.0,0.0,2600.714285714286,78.42857142857143,0.0
2022-03-19,43007841,516479,0,1761.0,127.0,0.0,2407.1428571428573,89.85714285714286,0.0
2022-03-20,43009390,516510,0,1549.0,31.0,0.0,2270.8571428571427,90.42857142857143,0.0
2022-03-21,43010971,516543,0,1581.0,33.0,0.0,2129.8571428571427,81.28571428571429,0.0
2022-03-22,43012749,516605,0,1778.0,62.0,0.0,1973.0,76.14285714285714,0.0
2022-03-23,43014687,516672,0,1938.0,67.0,0.0,1887.142857142857,77.14285714285714,0.0
2022-03-24,43016372,516755,0,1685.0,83.0,0.0,1766.7142857142858,67.71428571428571,0.0
2022-03-25,43018032,520855,0,1660.0,4100.0,0.0,1707.4285714285713,643.2857142857143,0.0
2022-03-26,43019453,521004,0,1421.0,149.0,0.0,1658.857142857143,646.4285714285714,0.0
2022-03-27,43020723,521035,0,1270.0,31.0,0.0,1619.0,646.4285714285714,0.0
2022-03-28,43021982,521070,0,1259.0,35.0,0.0,1573.0,646.7142857142857,0.0
2022-03-29,43023215,521101,0,1233.0,31.0,0.0,1495.142857142857,642.2857142857143,0.0
2022-03-30,43024440,521129,0,1225.0,28.0,0.0,1393.2857142857142,636.7142857142857,0.0
2022-03-31,43025775,521181,0,1335.0,52.0,0.0,1343.2857142857142,632.2857142857143,0.0
2022-04-01,43027035,521264,0,1260.0,83.0,0.0,1286.142857142857,58.42857142857143,0.0
2022-04-02,43028131,521345,0,1096.0,81.0,0.0,1239.7142857142858,48.714285714285715,0.0
2022-04-03,43029044,521358,0,913.0,13.0,0.0,1188.7142857142858,46.142857142857146,0.0
2022-04-04,43029839,521416,0,795.0,58.0,0.0,1122.4285714285713,49.42857142857143,0.0
2022-04-05,43030925,521487,0,1086.0,71.0,0.0,1101.4285714285713,55.142857142857146,0.0
2022-04-06,43031958,521530,0,1033.0,43.0,0.0,1074.0,57.285714285714285,0.0
2022-04-07,43033067,521573,0,1109.0,43.0,0.0,1041.7142857142858,56.0,0.0
2022-04-08,43034217,521656,0,1150.0,83.0,0.0,1026.0,56.0,0.0
2022-04-09,43035271,521685,0,1054.0,29.0,0.0,1020.0,48.57142857142857,0.0
2022-04-10,43036132,521691,0,861.0,6.0,0.0,1012.5714285714286,47.57142857142857,0.0
2022-04-11,43036928,521710,0,796.0,19.0,0.0,1012.7142857142857,42.0,0.0
2022-04-12,43038016,521736,0,1088.0,26.0,0.0,1013.0,35.57142857142857,0.0
2022-04-13,43039023,521737,0,1007.0,1.0,0.0,1009.2857142857143,29.571428571428573,0.0
2022-04-14,43039972,521743,0,949.0,6.0,0.0,986.4285714285714,24.285714285714285,0.0
2022-04-15,43040947,521747,0,975.0,4.0,0.0,961.4285714285714,13.0,0.0
2022-04-16,43042097,521751,0,1150.0,4.0,0.0,975.1428571428571,9.428571428571429,0.0
2022-04-17,43044280,521965,0,2183.0,214.0,0.0,1164.0,39.142857142857146,0.0
2022-04-18,43045527,521966,0,1247.0,1.0,0.0,1228.4285714285713,36.57142857142857,0.0
2022-04-19,43047594,522006,0,2067.0,40.0,0.0,1368.2857142857142,38.57142857142857,0.0
2022-04-20,43049974,522062,0,2380.0,56.0,0.0,1564.4285714285713,46.42857142857143,0.0
2022-04-21,43052425,522116,0,2451.0,54.0,0.0,1779.0,53.285714285714285,0.0
2022-04-22,43054952,522149,0,2527.0,33.0,0.0,2000.7142857142858,57.42857142857143,0.0
2022-04-23,43057545,522193,0,2593.0,44.0,0.0,2206.8571428571427,63.142857142857146,0.0
2022-04-24,43060086,522223,0,2541.0,30.0,0.0,2258.0,36.857142857142854,0.0
2022-04-25,43060097,522223,0,11.0,0.0,0.0,2081.4285714285716,36.714285714285715,0.0
2022-04-26,43065496,523654,0,5399.0,1431.0,0.0,2557.4285714285716,235.42857142857142,0.0
2022-04-27,43068799,523693,0,3303.0,39.0,0.0,2689.285714285714,233.0,0.0
2022-04-28,43072176,523753,0,3377.0,60.0,0.0,2821.5714285714284,233.85714285714286,0.0
2022-04-29,43075864,523803,0,3688.0,50.0,0.0,2987.4285714285716,236.28571428571428,0.0
2022-04-30,43079188,523843,0,3324.0,40.0,0.0,3091.8571428571427,235.71428571428572,0.0
2022-05-01,43082345,523869,0,3157.0,26.0,0.0,3179.8571428571427,235.14285714285714,0.0
2022-05-02,43084913,523889,0,2568.0,20.0,0.0,3545.1428571428573,238.0,0.0
2022-05-03,43088118,523920,0,3205.0,31.0,0.0,3231.714285714286,38.0,0.0
2022-05-04,43091393,523975,0,3275.0,55.0,0.0,3227.714285714286,40.285714285714285,0.0
2022-05-05,43094938,524002,0,3545.0,27.0,0.0,3251.714285714286,35.57142857142857,0.0
2022-05-06,43098743,524024,0,3805.0,22.0,0.0,3268.4285714285716,31.571428571428573,0.0
2022-05-07,43102194,524064,0,3451.0,40.0,0.0,3286.5714285714284,31.571428571428573,0.0
2022-05-08,43105401,524093,0,3207.0,29.0,0.0,3293.714285714286,32.0,0.0
2022-05-09,43107689,524103,0,2288.0,10.0,0.0,3253.714285714286,30.571428571428573,0.0
2022-05-10,43110586,524157,0,2897.0,54.0,0.0,3209.714285714286,33.857142857142854,0.0
2022-05-11,43113413,524181,0,2827.0,24.0,0.0,3145.714285714286,29.428571428571427,0.0
2022-05-12,43116254,524190,0,2841.0,9.0,0.0,3045.1428571428573,26.857142857142858,0.0
2022-05-13,43119112,524201,0,2858.0,11.0,0.0,2909.8571428571427,25.285714285714285,0.0
2022-05-14,43121599,524214,0,2487.0,13.0,0.0,2772.1428571428573,21.428571428571427,0.0
2022-05-15,43123801,524241,0,2202.0,27.0,0.0,2628.5714285714284,21.142857142857142,0.0
2022-05-16,43125370,524260,0,1569.0,19.0,0.0,2525.8571428571427,22.428571428571427,0.0
2022-05-17,43127199,524293,0,1829.0,33.0,0.0,2373.285714285714,19.428571428571427,0.0
2022-05-18,43129563,524303,0,2364.0,10.0,0.0,2307.1428571428573,17.428571428571427,0.0
2022-05-19,43131822,524323,0,2259.0,20.0,0.0,2224.0,19.0,0.0
2022-05-20,43134145,524348,0,2323.0,25.0,0.0,2147.5714285714284,21.0,0.0
2022-05-21,43136371,524413,0,2226.0,65.0,0.0,2110.285714285714,28.428571428571427,0.0
2022-05-22,43138393,524459,0,2022.0,46.0,0.0,2084.5714285714284,31.142857142857142,0.0
2022-05-23,43140068,524490,0,1675.0,31.0,0.0,2099.714285714286,32.857142857142854,0.0
2022-05-24,43142192,524507,0,2124.0,17.0,0.0,2141.8571428571427,30.571428571428573,0.0
2022-05-25,43144820,524525,0,2628.0,18.0,0.0,2179.5714285714284,31.714285714285715,0.0
2022-05-26,43147530,524539,0,2710.0,14.0,0.0,2244.0,30.857142857142858,0.0
2022-05-27,43150215,524572,0,2685.0,33.0,0.0,2295.714285714286,32.0,0.0
2022-05-28,43153043,524586,0,2828.0,14.0,0.0,2381.714285714286,24.714285714285715,0.0
2022-05-29,43155749,524611,0,2706.0,25.0,0.0,2479.4285714285716,21.714285714285715,0.0
2022-05-30,43158087,524630,0,2338.0,19.0,0.0,2574.1428571428573,20.0,0.0
2022-05-31,43160832,524636,0,2745.0,6.0,0.0,2662.8571428571427,18.428571428571427,0.0
2022-06-01,43164544,524641,0,3712.0,5.0,0.0,2817.714285714286,16.571428571428573,0.0
2022-06-02,43168585,524651,0,4041.0,10.0,0.0,3007.8571428571427,16.0,0.0
2022-06-03,43172547,524677,0,3962.0,26.0,0.0,3190.285714285714,15.0,0.0
2022-06-04,43176817,524692,0,4270.0,15.0,0.0,3396.285714285714,15.142857142857142,0.0
2022-06-05,43181335,524701,0,4518.0,9.0,0.0,3655.1428571428573,12.857142857142858,0.0
2022-06-06,43185049,524708,0,3714.0,7.0,0.0,3851.714285714286,11.142857142857142,0.0
2022-06-07,43190282,524715,0,5233.0,7.0,0.0,4207.142857142857,11.285714285714286,0.0
2022-06-08,43197522,524723,0,7240.0,8.0,0.0,4711.142857142857,11.714285714285714,0.0
2022-06-09,43205106,524747,0,7584.0,24.0,0.0,5217.285714285715,13.714285714285714,0.0
2022-06-10,43213435,524757,0,8329.0,10.0,0.0,5841.142857142857,11.428571428571429,0.0
2022-06-11,43222017,524761,0,8582.0,4.0,0.0,6457.142857142857,9.857142857142858,0.0
2022-06-12,43230101,524771,0,8084.0,10.0,0.0,6966.571428571428,10.0,0.0
2022-06-13,43236695,524777,0,6594.0,6.0,0.0,7378.0,9.857142857142858,0.0
2022-06-14,43245517,524792,0,8822.0,15.0,0.0,7890.714285714285,11.0,0.0
2022-06-15,43257730,524803,0,12213.0,11.0,0.0,8601.142857142857,11.428571428571429,0.0
2022-06-16,43270577,524817,0,12847.0,14.0,0.0,9353.0,10.0,0.0
2022-06-17,43283793,524840,0,13216.0,23.0,0.0,10051.142857142857,11.857142857142858,0.0
2022-06-18,43296692,524855,0,12899.0,15.0,0.0,10667.857142857143,13.428571428571429,0.0
2022-06-19,43309473,524873,0,12781.0,18.0,0.0,11338.857142857143,14.571428571428571,0.0
2022-06-20,43319396,524890,0,9923.0,17.0,0.0,11814.42857142857,16.142857142857142,0.0
2022-06-21,43331645,524903,0,12249.0,13.0,0.0,12304.0,15.857142857142858,0.0
2022-06-22,43344958,524941,0,13313.0,38.0,0.0,12461.142857142857,19.714285714285715,0.0
2022-06-23,43362294,524954,0,17336.0,13.0,0.0,13102.42857142857,19.571428571428573,0.0
2022-06-24,43378234,524974,0,15940.0,20.0,0.0,13491.57142857143,19.142857142857142,0.0
2022-06-25,43389973,524999,0,11739.0,25.0,0.0,13325.857142857143,20.571428571428573,0.0
2022-06-26,43407046,525020,0,17073.0,21.0,0.0,13939.0,21.0,0.0
2022-06-27,43418839,525047,0,11793.0,27.0,0.0,14206.142857142857,22.428571428571427,0.0
2022-06-28,43433345,525077,0,14506.0,30.0,0.0,14528.57142857143,24.857142857142858,0.0
2022-06-29,43452164,525116,0,18819.0,39.0,0.0,15315.142857142857,25.0,0.0
2022-06-30,43469234,525139,0,17070.0,23.0,0.0,15277.142857142857,26.428571428571427,0.0
2022-07-01,43486326,525168,0,17092.0,29.0,0.0,15441.714285714286,27.714285714285715,0.0
2022-07-02,43502429,525199,0,16103.0,31.0,0.0,16065.142857142857,28.571428571428573,0.0
2022-07-03,43518564,525223,0,16135.0,24.0,0.0,15931.142857142857,29.0,0.0
2022-07-04,43531650,525242,0,13086.0,19.0,0.0,16115.857142857143,27.857142857142858,0.0
2022-07-05,43547809,525270,0,16159.0,28.0,0.0,16352.0,27.571428571428573,0.0
2022-07-06,43566739,525305,0,18930.0,35.0,0.0,16367.857142857143,27.0,0.0
2022-07-07,43585554,525343,0,18815.0,38.0,0.0,16617.14285714286,29.142857142857142,0.0
2022-07-08,43604394,525386,0,18840.0,43.0,0.0,16866.85714285714,31.142857142857142,0.0
2022-07-09,43622651,525428,0,18257.0,42.0,0.0,17174.571428571428,32.714285714285715,0.0
2022-07-10,43639329,525454,0,16678.0,26.0,0.0,17252.14285714286,33.0,0.0
2022-07-11,43652944,525474,0,13615.0,20.0,0.0,17327.714285714286,33.142857142857146,0.0
2022-07-12,43669850,525519,0,16906.0,45.0,0.0,17434.428571428572,35.57142857142857,0.0
2022-07-13,43689989,525557,0,20139.0,38.0,0.0,17607.14285714286,36.0,0.0
2022-07-14,43710027,525604,0,20038.0,47.0,0.0,17781.85714285714,37.285714285714285,0.0
2022-07-15,43730071,525660,0,20044.0,56.0,0.0,17953.85714285714,39.142857142857146,0.0
2022-07-16,43750599,525709,0,20528.0,49.0,0.0,18278.285714285714,40.142857142857146,0.0
2022-07-17,43767534,525760,0,16935.0,51.0,0.0,18315.0,43.714285714285715,0.0
2022-07-18,43783062,525785,0,15528.0,25.0,0.0,18588.285714285714,44.42857142857143,0.0
2022-07-19,43801678,525821,0,18616.0,36.0,0.0,18832.571428571428,43.142857142857146,0.0
2022-07-20,43824728,525866,0,23050.0,45.0,0.0,19248.428571428572,44.142857142857146,0.0
2022-07-21,43847065,525930,0,22337.0,64.0,0.0,19576.85714285714,46.57142857142857,0.0
2022-07-22,43868476,525997,0,21411.0,67.0,0.0,19772.14285714286,48.142857142857146,0.0
2022-07-23,43888755,526033,0,20279.0,36.0,0.0,19736.571428571428,46.285714285714285,0.0
2022-07-24,43905621,526074,0,16866.0,41.0,0.0,19726.714285714286,44.857142857142854,0.0
